:020000040800F2
:101000000050002055840008518400084F840008D7
:101010004F8400084F8400084F840008000000003F
:1010200000000000000000000000000051840008E3
:101030005184000800000000518400085184000819
:101040004F8400084F8400084F8400084F84000834
:101050004F8400084F8400084F8400084F84000824
:101060004F8400084F8400084F8400084F84000814
:101070004F8400084F8400084F8400084F84000804
:101080004F8400084F8400084F840008653600082C
:1010900045360008553600084F84000855140008EE
:1010A0004F8400084F8400084F8400084F840008D4
:1010B0004F840008451400088D1400084F84000870
:1010C0004F8400084F8400084F8400084F840008B4
:1010D0004F8400084F8400084F8400084F840008A4
:1010E0004F8400084F8400084F8400084F84000894
:1010F0004F8400084F8400084F8400084F84000884
:101100004F8400084F8400084F8400084F84000873
:101110004F8400084F8400084F8400084F84000863
:101120004F8400084F8400084F8400084F84000853
:101130004F8400084F8400084F840008933600084D
:1011400073360008833600084F8400084F84000877
:1011500008B58446084611461A46DCF8043098471C
:1011600008BD08B58368984708BD00B54FF0000C6E
:10117000E64604E000BF1CF1010C4EF1000E4B01ED
:1011800043EAD0634201121A63EB01039B0043EA76
:1011900092739200121841EB03031B0143EA12738E
:1011A000120194457EEB0303E4DB00BD10B506F0AD
:1011B00083FC1D4B186800F08EFE07F0B3FE1B4940
:1011C00007F0B8FF01463F2000F0FCFE184801F090
:1011D0002BFE07F0A3FE174907F0ACFF01463E20A7
:1011E00000F0F0FE06F096FE01F014FF124C2068AD
:1011F00005F01CF9206804F019FC04F023FE05F04A
:1012000095FD0E4B186802F0E1FA0D4B1B782BB9D7
:101210000B4A137883F00103137010BD094B9988B2
:10122000186806F040FCF3E7E008002000002041C9
:10123000300A002000004B43DC080020D8080020C2
:10124000C0080020C809002008B5024B186804F047
:1012500019FC08BDDC08002008B503F079FF08BDC3
:1012600008B5034640F22132904223D008460BD9FC
:1012700040F2455293421DD025D840F26632934247
:101280001CD104F07DFB23E040F2C722934221D021
:10129000B3F5327F0AD240F2212293420AD040F2C3
:1012A000A722934214D104F001FB11E040F2D122B5
:1012B00093420DD1184604F0A3FB09E040F2A1329D
:1012C000934205D1F6E7B3F5DC6F01D105F066F87E
:1012D000002008BD04F06AFBFAE7000010B51C4CC2
:1012E00000224FF4DC61206802F001FA002240F293
:1012F000A721206802F0FBF9002240F2C7212068F4
:1013000002F0F5F9002240F26631206802F0EFF9B0
:10131000002240F22121206802F0E9F9002240F287
:10132000D121206802F0E3F9002240F22131206847
:1013300002F0DDF9002240F2A131206802F0D7F975
:10134000002240F24551206802F0D1F910BD00BFE3
:10135000DC08002010B504468188006806F0A0FB78
:10136000003818BF0120A379181A18BF012010BD3A
:1013700008B5244B1B6833B106F0CCFD214B1B682C
:10138000C01AC72820D92048FFF7E4FF01462420CF
:1013900000F00AFE1D48FFF7DDFF0146252000F0A2
:1013A00003FE1B48FFF7D6FF0146232000F0FCFD9B
:1013B0001848FFF7CFFF0146262000F0F5FD002377
:1013C000154A1370154A137004F09CFB07F0C4FF14
:1013D0000146272000F0E8FD04F0A8FB07F0BCFF61
:1013E0000146292000F0E0FD04F0B4FB03F0B0FF5B
:1013F00004F07CF801460B2000F0D6FD04F0AEFCB2
:1014000008BD00BF840D00203009002040090020E5
:1014100038090020100A0020820D0020810D0020D4
:10142000FEE7000000B1704710B5054B1B681C4675
:1014300000F098FDC1B2204602F06EFF10BD00BF63
:10144000D408002008B5024B186800F00BFD08BD59
:10145000E008002008B54FF4807006F0E3F950B1C1
:10146000084B1B7843B1084A1368013313604FF4EB
:10147000807006F0D1F908BD034A1368013B136080
:10148000F5E700BF8A080020CC08002008B5082135
:10149000214806F0A1FD28B910211F4806F09CFD47
:1014A000E8B908BD02211C4806F001FF1B4B1B6870
:1014B0003BB183420CD8C31A194A1360194B01225D
:1014C0001A70164B18600821134806F08BFDE3E7ED
:1014D000C31A03F543435033114A1360EEE7032167
:1014E0000D4806F0E4FE104B1B683BB183420CD85C
:1014F000C31A0E4A13600E4B01221A700A4B186071
:101500001021054806F06EFDCBE7C31A03F54343EF
:101510005033064A1360EEE700080040BC08002084
:10152000C8080020C2080020B8080020C408002015
:10153000C1080020F0B5ADF61C0D00F04BFA00F02C
:101540000FFBCC4E00223146CB4801F0B1FC01220A
:101550003146CA4801F0ACFC03223146C84801F0CC
:10156000A7FCC84D00222946C74801F0A1FCC74C82
:1015700000222146C64801F09BFC01222146C548B5
:1015800001F096FC02222146C34801F091FC03229F
:101590002146C24801F08CFC04222146C04801F0DB
:1015A00087FC05222146BF4801F082FC04234FF44A
:1015B00080723146BC4801F03AF907234FF40042EB
:1015C0003146BA4801F033F9002304222946B848CD
:1015D00001F02DF9072308222946B64801F027F922
:1015E000072310222946B44801F021F907232022BD
:1015F0002946B24801F01BF9092340222946B04888
:1016000001F015F9092380222946AE4801F00FF9AF
:1016100004234FF480722946AB4801F008F90423F3
:101620004FF400722946A94801F001F909234FF44B
:1016300000622946A64801F0FAF807234FF48042D9
:101640002946A44801F0F3F807234FF480622146AD
:10165000A14801F0ECF807234FF4006221469F48AF
:1016600001F0E5F807234FF4805221469C4801F031
:10167000DEF807234FF4005221469A4801F0D7F8CC
:1016800007234FF480422146974801F0D0F804F533
:101690008064072301222146944801F0C8F80723FB
:1016A00002222146924801F0C2F807230422214673
:1016B000904801F0BCF80723082221468E4801F02B
:1016C000B6F80723102221468C4801F0B0F8072312
:1016D000202221468A4801F0AAF807234022214609
:1016E000884801F0A4F8072380222146864801F0AB
:1016F0009EF804F58064072304222146834801F004
:1017000096F8072308222146814801F090F8072324
:10171000102221467F4801F08AF800234FF480729E
:1017200021467D4801F083F800234FF400722146E2
:101730007A4801F07CF800234FF480622146784813
:1017400001F075F807234FF400622146754801F057
:101750006EF801F0E1FA00F0F9FA00F091F900F00A
:10176000D7F901F029FC00F005FA0DF2EC5401263E
:101770000196009600236C4A6C49204600F0C8FC94
:101780006B4B1C600DF5BC656A4BCDF8E0356A4BC0
:10179000CDF8E035694BCDF8E435694BCDF8E83547
:1017A000E1AC002302226749204601F091FE664B1E
:1017B0001C602946204601F08BFFFFF78FFD32ADFC
:1017C00032462146284602F01BFD604F3D60604BCB
:1017D0001D600FAE2A462146304602F06BFD5D4B80
:1017E0001E60002000F0BEFBC1B2304602F094FD46
:1017F0003A68594B1A60594D05AC2946204600F00D
:10180000D7FA574B1968C1F35911564BA3FB013155
:1018100089090139284606F006FC534B1C60032257
:101820005249204600F0E8FA14225149204600F0BF
:10183000E3FA64224F49204600F0DEFAC8224E49FE
:10184000204600F0D9FA00213C2000F0ADFB4020FA
:10185000FFF7E8FD0A200021FFF787FC03F012FDE7
:1018600064200021FFF781FC03F046FE98E01C464F
:101870009FE000BF00080140500A00204C0A0020F1
:10188000480A0020000C0140440A002000100140DA
:10189000400A00203C0A0020380A0020340A0020B8
:1018A000300A00202C0A0020200A0020180A0020FC
:1018B000100A0020080A0020000A0020F809002071
:1018C000F0090020E8090020E0090020D8090020E4
:1018D000D0090020C8090020C0090020B809002054
:1018E000B0090020A8090020A009002098090020C4
:1018F0009009002088090020800900207809002034
:1019000070090020680900206009002058090020A3
:101910005009002048090020400900203809002013
:101920003009002028090020B0A20008003801403A
:10193000D0080020F4930008049400086112000805
:10194000DD12000800640040DC080020D8080020F8
:10195000740B0020D4080020700B0020000400400D
:10196000B4080020632D3E05E0080020591200084D
:101970007113000849120008AD11000804300DF180
:101980000B0103F0BBF85CB103AB94E8030083E800
:101990000300204602F038FF21460FA802F0E5FCC4
:1019A00000228DF80B209DF8C430002B3FF45FAF70
:1019B0002FAC064B186800F095FD054B186843697D
:1019C000002BE0D10028D9D1D9E700BFD0080020F2
:1019D000D408002008B5274806F0BCF94FF0E023F2
:1019E000254AC3F80C2D40F2023006F011FA40F2FD
:1019F000033006F00DFA4FF4417006F009FA40F298
:101A0000053006F005FA40F2063006F001FA40F221
:101A10000E3006F0FDF940F20B3006F0F9F94FF404
:101A2000607006F0F5F940F2813006F0F1F940F20D
:101A3000823006F0EDF94FF4207006F0E9F940F23B
:101A4000093006F0E5F940F20A3006F0E1F940F21B
:101A5000862006F0DDF94FF4407006F0D9F940F227
:101A6000993006F0D5F9054A536843F40073536082
:101A700008BD00BFA4A700080003FA05000001404C
:101A800030B597B005F00AFE00F5FF3505F2FD15FB
:101A9000AD0201AC14220021204600F0C2FE1A4B18
:101AA00001931823ADF8083001238DF80A30002285
:101AB0008DF80B20154903914FF44071ADF81010CB
:101AC0008DF812208DF8133005F0CCFD142120463E
:101AD00005F0D6FD15902B6D834201D117B030BDB6
:101AE00005F07EFF284605F037FF002407E001AB34
:101AF00053F8241005EB840005F08CFF0134142CFE
:101B0000F5D905F079FFE9E700100140000C01402C
:101B100008B51D2006F00AFD00211D2006F012FD6B
:101B20001E2006F003FD01211E2006F00BFD0B49CF
:101B30004FF4807005F07EFE02214FF4807005F0B6
:101B400039FE4FF4807005F059FE172006F0EEFCC8
:101B50000221172006F0F6FC08BD00BF0008014076
:101B600008B54FF41C71032006F00CFA002006F0B3
:101B7000DBF908BD38B54FF0804006F04FFA0A2176
:101B80004FF0804006F04FFA00214FF0804006F001
:101B900031FA4FF6FF714FF0804006F046FA4FF0F1
:101BA000804006F022FA674D4FF40063022211468E
:101BB000284605F03BFF062211464FF0804006F014
:101BC00036FA06214FF0804006F0F7FA06214FF072
:101BD000804006F00CFB06214FF0804006F02CFB05
:101BE000002206214FF0804006F04BFB4FF480634B
:101BF00002221146284605F019FF062204214FF063
:101C0000804006F014FA04214FF0804006F0D5FA27
:101C100004214FF0804006F0EAFA04214FF08040A2
:101C200006F00AFB002204214FF0804006F029FB59
:101C30004FF0804006F0EDF94FF44073012200218F
:101C4000284605F0F3FE404C204606F0E7F98F21C8
:101C5000204606F0E8F94CF25031204606F0E5F94E
:101C6000204606F0D1F90F220221204606F02EFB75
:101C700005220221204606F051FB002202212046C7
:101C800006F09AF90221204606F07BFB0821204647
:101C900006F09EF900220321204606F017FB0622DB
:101CA0000321204606F03AFB00220321204606F0DD
:101CB00083F90321204606F064FB1021204606F03C
:101CC00087F9402302221146284605F0AFFE06227E
:101CD0000021204606F0ABF90021204606F06DFAFF
:101CE0000021204606F083FA0021204606F0A4FADF
:101CF00000221146204606F0C4FA80230222114633
:101D0000284605F093FE06220221204606F08FF9B0
:101D10000221204606F051FA0221204606F067FA19
:101D20000221204606F088FA00220221204606F011
:101D3000A8FA0121204606F0B4FA204606F069F917
:101D400038BD00BF000C01400008004010B582B053
:101D500009238DF80730154C204605F029FA204656
:101D600005F030FA204605F042FA0721204605F03A
:101D70000AFA0DF107020121204605F03DFA4FF461
:101D80006021204605F0D8F9204605F0C3F900236C
:101D900001E000BF0133772BFBDD044C204605F04A
:101DA000D5F9204605F0E5F902B010BD0028014044
:101DB00038B505460C460162084606F016F920467D
:101DC00006F022F90A4B1968C1F31A11094BA3FB5B
:101DD0000131C9090139204606F025F94FF6FF7196
:101DE000204606F022F900236B62284638BD00BF6A
:101DF000B4080020C55A7C0AF8B5436A032B00DDFD
:101E0000F8BD04460D461646006A06F007F9636AF7
:101E10000122134FF95C206A06F009F9636A002277
:101E2000F95C206A06F02DFA636A44F8235003F146
:101E3000080106EB860202EB8202920024F81120D0
:101E400002219940206A06F0C3F80021206A06F0BA
:101E50003BFA206A06F0DDF8636A01336362CFE77C
:101E60000C940008F8B5054600242AE00226A64096
:101E70003146286A06F0B0F840B3286A06F015FA31
:101E800087B22B6A03EB84035A6B04F1080135F81F
:101E900011100A445A6355F824309847286A06F00E
:101EA00004FAC01B04F10C0325F813003146286A1C
:101EB00006F098F804E00221A140286A06F092F8A2
:101EC0000134032C06DC6B6AA342CFDC6B6AA342AD
:101ED000F6DCF0E7F8BD0146002210460FE002F103
:101EE0000C0331F813304FF47A7C0CFB03F302F14E
:101EF000080C31F81CC093FBFCF3184401324B6A08
:101F00009342ECDC70470000024B1A68024BC3F8A6
:101F1000B4267047800800200001002008B5C0EBFF
:101F2000C0020B4B03EB8203DB688B420EDC084BD9
:101F300003EB82031B698B4201DAFF2007E0054BAC
:101F400043F82010FFF76EFA002000E0FF2008BDE4
:101F50000001002000000020014B53F820007047D2
:101F600000000020024B53F820004011704700BFD2
:101F70000000002008B5054B53F8200006F0D2FF02
:101F80004FF0745107F022F808BD00BF0000002098
:101F9000044B53F820004011012814BF00200120F9
:101FA000704700BF000000204901024B43F8201099
:101FB000704700BF00000020014B43F8201070471D
:101FC0000000002010B5044608464FF0844106F09A
:101FD000FDFF07F0C1F9024B43F8240010BD00BF1C
:101FE0000000002070B506460024084D01E00134D1
:101FF0001C353F2C07DC3146686800F071FB002877
:10200000F5D1E0B270BD4120FCE700BF0001002027
:102010000023064A01E001331C323F2B04DC118B04
:102020008142F8D1D8B270474120704700010020AA
:10203000C0EBC000014B03EB8000704700010020A3
:1020400038B50024074D01E001341C353F2C07DC76
:102050002B8B002BF8D06969E0B2FFF7ADFFF3E7F7
:1020600038BD00BF00010020014B1954704700BF6C
:10207000E4080020024A135C0B431354704700BF6E
:10208000E4080020024A135C23EA0103135470475A
:10209000E4080020014B185C704700BFE4080020F2
:1020A000C0EBC000024B03EB8003987E704700BF7B
:1020B0000001002000487047C0A4010008B5FFF7E8
:1020C00023FF08BD08B52021806806F0BAF908BDD5
:1020D00008B5806806F0ADF908BD10B50446436840
:1020E000597A586805F03EFB636804F12A02597A70
:1020F000586805F049FB63688022597A586805F0F2
:1021000053FB6368597A586805F023FB10BD000043
:1021100070B504460D46534901605349016085601E
:10212000037302610121017541758175002282618D
:10213000C26180F82020426280F828109DF81010BB
:1021400080F829109DF8141080F82A124749416040
:10215000032A07D861680868A84203D01C3161606F
:102160000132F5E7424A1460002B74D0626850696E
:10217000002B73D063681B8B0222032105F056FCF1
:102180004FF4E131284606F003F90821284606F00D
:1021900011F94FF40051284606F015F90C21284694
:1021A00006F01DF90021284606F013F90021284603
:1021B00006F01BF9284606F02EF9284606F030F9FD
:1021C0006368197A586805F06FFA6368197A586875
:1021D00005F0B6FA63682E1D3246197A586805F084
:1021E000CAFA63680022197A586805F087FA6368AA
:1021F0000022197A586805F075FA6368197A5868E8
:1022000005F088FA6368597A586805F04DFA6368F2
:102210003246597A586805F0AEFA63680022597A56
:10222000586805F06BFA63680022597A586805F01F
:1022300059FA6368597A586805F06CFA6368597AF4
:10224000586805F086FA2046FFF747FF284606F053
:10225000D2F8204670BD6268D06889E763681B8A3F
:102260008AE700BF30A200083CA2000840A2000894
:102270002409002038B50D460469437D3BB121682F
:1022800039B1284600F02CFA18B10834F7E71C469B
:1022900001E023680BB1204638BD1C46FBE738B58A
:1022A00004460D4601E0002373B163680222197AE7
:1022B000586805F00EFA0028F5D194F828300BB1D3
:1022C0000346F1E70123EFE76368197A586805F0E0
:1022D00049FA6368AAB2197A586805F065FA636822
:1022E00094F82020D201A83222440232197A586888
:1022F00005F04AFA63680222197A586805F0E4F991
:102300006368197A586805F024FA94F82030B3FA13
:1023100083F35B0984F82030002384F8283038BD2B
:1023200010B50446837D73B10A2910D0436A7F2B10
:102330000DD090F8202000EBC2121A4482F8AA10A7
:102340000133436210BD806806F05AF8FAE794F84A
:102350002030626A04EBC313134483F8AA10511CA3
:102360002046FFF79CFF00236362EBE710B50C46A5
:10237000802A28BF802211464FF0000C0AE090F816
:10238000203014F80CE000EBC313634483F8AAE098
:102390000CF1010C8C45F2D3FFF781FF10BD38B56D
:1023A00005460C46084600F0B2F90246214628468A
:1023B000FFF7DCFF38BD000010B50446084600F00A
:1023C000F9F900F0DEF9237D83420DD00023637517
:1023D000237B0BB3626850690BB363681B8B0122CC
:1023E000002105F023FB10BD01236375237B6BB136
:1023F000626850696BB163681B8B0222032105F090
:1024000015FB08492046FFF7CAFFECE76268D06871
:10241000F0E763681B8AF0E76268D068DCE763680E
:102420001B8ADCE70C9F000830B585B004460846DF
:1024300000F0C0F90378302B13D0322B0ED04FF4BC
:1024400061231D46637D83B92946A06805F0A0FF7E
:102450000021A06805F0B7FF05B030BD0E4B1D464A
:10246000F0E74FF4E1331D46ECE70A22294601A8C4
:1024700000F05DF909492046FFF791FF0849204621
:10248000FFF78DFF01A92046FFF789FF0549204688
:10249000FFF785FFD8E700BF105522004C9B0008CE
:1024A000549B0008D0A1000810B50446084600F06F
:1024B00081F9037823B1303B18BF012384F8293018
:1024C00094F8293023B105492046FFF768FF10BD75
:1024D00003492046FFF763FFF9E700BF649B00084C
:1024E000709B0008F8B504464368597A586805F0AF
:1024F00054F90646C0F1800558B92046FFF7EDFDB6
:1025000007E05A1CE261234493F82A10A06805F002
:1025100077FF94F8293013B1E369AB42F1DB08216E
:10252000A06805F08EFFE0B97F2E28DCC6F17F039E
:10253000234493F82A300A2B17D00D2B15D094F88A
:102540002A30212B1BD1A369CBB12046FFF7C5FD53
:102550000023E361A3695B6804F5D57120469847C1
:102560000DE0A06805F065FFDEE76368597A5868FA
:1025700005F0F8F87E2E03DD2046FFF7AEFDF8BD2E
:102580006319002283F82A20E26104F12A0720213E
:10259000384600F0C3F80646037823BB0A213846C4
:1025A00000F0BCF80646002384F8AA31337803B360
:1025B00000233370A3612A49384600F091F806469B
:1025C000E8B904F5D5712046FFF7F6FEA369002BA4
:1025D0003CD0A06805F031FFA3695B6804F5D571B4
:1025E00020469847C8E7411C04F5D57000F086F8EE
:1025F000DCE70D21384600F091F80646D8E7194986
:10260000384600F06DF8064668B994F82A322BB1C6
:1026100004F5D5712046FFF707FFD7E7124920469A
:10262000FFF7BDFED2E71149384600F059F80646DB
:1026300028B904F5D5712046FFF736FFC6E73946BD
:102640002046FFF717FEA0612E46BFE7012E93DD5F
:10265000637D002B90D006492046FFF7A0FE8BE754
:102660007C9B0008889B0008949B0008B09B000896
:10267000B89B000808B5044B1B681A681268C1B201
:102680001846904708BD00BF24090020704708B5D0
:1026900000F020FD08BD000000B583B00649D1F868
:1026A000F027D1F8EC37D1F8E8170091034900F092
:1026B000EBFA03B000BD00BF00F0FF1FD49B000881
:1026C00010B50446FFF7BCFC0249204600F0DCFAD6
:1026D00010BD00BFE89B000808B502F00FFA08BD66
:1026E000431E013913F8010F11F8012F10B10AB17F
:1026F0009042F7D0801A18BF01207047013911F8B5
:10270000013F0BB90370704700F8013BF7E7002366
:10271000C25C0AB9184670470133F9E703461A78D4
:1027200018461AB18A4203F10103F8D17047002913
:1027300070B51EDA2D23012400F8013B49420646FC
:1027400091FBF2F302FB131130313170191E354643
:1027500006F10106F4DC00220346201A30443270F0
:10276000AB420BD21A78297803F8011B05F801292E
:10277000F6E704D1302341700370012070BD0024BE
:10278000DDE730B503782D2B11D14FF0FF34013048
:1027900000210A25431E01E005FB012113F8012F4A
:1027A000303AD0B20928F7D904FB01F030BD01243A
:1027B000EEE7000010B5144C02780146A2F10A03BE
:1027C000DBB2162B1BD824FA03F3DA0700F1010061
:1027D000F2D40846FFF79BFF0138084481420446C3
:1027E0000AD203780A3BDBB2162B05D8064A013819
:1027F00022FA03F3DB07F1D40023637001E0002A1F
:10280000E7D1084610BD00BF09004000002310B505
:10281000934200D110BD51F8234040F823400133CA
:10282000F6E702B97047013A40F8041BF9E7F8B53A
:102830000D4616461C460160828000238371052CDC
:1028400030D00AD9082C32D01AD8062C41D0072C07
:1028500042D1002403231F4630E0032C1CD009D8AA
:10286000012C13D0022C02D100231F4622E00224A7
:102870001F4623E0042C28D1012400231F461DE01D
:10288000092C2DD1022403231F4617E00123837155
:10289000022400231F4611E0012383710224002338
:1028A0001F4607E00124847100231F4606E001242F
:1028B00003231F463146284605F0EDF833462246ED
:1028C0003946284605F0B2F8F8BD022400231F4619
:1028D000F4E700242746F1E7022400231F46EDE732
:1028E000022400231F46E9E7024B4FF400421A80FE
:1028F000704700BF280A002008B5FFF7F5FF08BDA4
:1029000070B50C1EACBF01234FF0FF335C430133A5
:10291000064608BF2D234FF0640208BF06F8013BAE
:10292000611104F01F040546544330460A22FFF7A4
:10293000FEFE2E226411092C3254D8BF302206EB41
:102940000003D8BF5A7021464FF00A02CCBF581C72
:10295000981CFFF7ECFE284670BDF0B502780346E0
:102960002D2A13D14FF0FF30013300250A2702E052
:1029700007FB052501331C78A4F13002D6B2092EDD
:10298000F6D9A4B98D4025446843F0BD0120ECE799
:102990008A4002EB660292FBF6F20CFB06F6144448
:1029A00013F8012F303AD7B2092FF1D9EAE70A26F6
:1029B0000024B446F4E72DE9F04105460F46161E03
:1029C00002DD0A46002108E04FF0200813F0010460
:1029D0001BD0002422E00131013210780028FAD106
:1029E000B14206DA761A13F0020F04D14FF0200834
:1029F000ECE70026F7E74FF03008E7E72B681B68A5
:102A00004146284698470134013E002EF6DC05E099
:102A10002B681B682846984701340137397800290C
:102A2000F6D106E02B681B684146284698470134DA
:102A3000013E002EF6DC2046BDE8F08170B584B082
:102A40000646DDF828C059B11D460B4615B10A2AC5
:102A500011D0002500218DF80D100DF10D0416E0A8
:102A600030238DF800308DF80110099B089A6946D3
:102A7000FFF7A1FF32E0002901DB0025EAE74B4226
:102A80000125E7E7303104F8011DB3FBF2F34BB148
:102A9000B3FBF2F102FB11310929F3DDACF13A008D
:102AA0000144EFE79DB1089B63B1099B13F0020F4E
:102AB00008D0304633681B682D219847089B013B9E
:102AC000089304E02D2304F8013C013C0025099BF8
:102AD000089A21463046FFF76EFF284404B070BDC7
:102AE00008B50846FFF7C6FD08BDF0B585B0074636
:102AF00016461D466846FFF703FF2B4632466946D9
:102B00003846FFF758FF05B0F0BD000070B588B03B
:102B100006460C460592002587E0A21C012391E0A1
:102B200000222178A1F1300C5FFA8CFCBCF1090F76
:102B300006D802EB8202303901EB42020134F0E7A1
:102B400073291AD0642923D0782930D058293DD050
:102B500075294AD0662957D0632965D10599081D82
:102B6000059009688DF81C1000218DF81D1007A92B
:102B70003046FFF720FF054456E00599081D0590F3
:102B8000096801B935493046FFF715FF05444BE0A8
:102B90000599081D05900968612002900193009233
:102BA00001230A223046FFF749FF05443CE005991E
:102BB000081D05900968612002900193009200238E
:102BC00010223046FFF73AFF05442DE00599081D15
:102BD0000590096841200290019300920023102281
:102BE0003046FFF72BFF05441EE00599081D0590B0
:102BF0000968612002900193009200230A22304666
:102C0000FFF71CFF05440FE00599081D05900968B2
:102C10003046FFF76AFF054406E0144633681B6838
:102C20002178304698470135013423789BB1252B14
:102C3000F4D1621C637873B1252BEED02D2B3FF4B9
:102C40006CAF002314462278302A7FF469AF013438
:102C500043F00203F7E7284608B070BD5C9C00080B
:102C60000FB400B583B004AA52F8041B054B0193BE
:102C7000009201A8FFF74AFF03B05DF804EB04B02F
:102C8000704700BF28A300080EB400B582B003AAA5
:102C900052F8041B0192FFF739FF02B05DF804EB14
:102CA00003B07047114B124A1360991C114A11600E
:102CB000191D114A1160991D104A116003F1080194
:102CC0000F4A116003F10A010E4A116003F10C0171
:102CD0000D4A116003F10E010C4A116003F110015D
:102CE0000B4A116012330B4A13607047540A0020DC
:102CF000500A00204C0A0020480A0020440A002004
:102D0000400A00203C0A0020380A0020340A002033
:102D1000300A00202C0A002070B582B0334B93E8B3
:102D2000030002AB03E903000025002D2CDD304C2D
:102D3000304A0121204604F01EFD2F4A0121204681
:102D400004F022FD4FF480720121204604F0D6FCED
:102D50004FF480620121204604F0C4FC7822012156
:102D6000204604F021FD0121204604F0D3FC01217E
:102D7000204604F0D8FC0121204604F0EAFC1F485C
:102D800004F068FA02B070BDAE0002AB03EB85033D
:102D900053F8084C204604F00BFA204604F00DFAD4
:102DA000204604F01FFA204604F011FA01212046C3
:102DB00004F0E9F9204604F0ADF9204604F0C6F924
:102DC000204604F0D6F92E440D4A02EB46020A21B1
:102DD000204604F011FA204604F046FA4FF4602130
:102DE000204604F0A9F901359FE700BF2CA3000895
:102DF000000002404C240140540A002000240140FD
:102E0000440B0020884205DD914209DC90420ADD36
:102E100010467047904206DC914203DD1046704731
:102E2000084670470846704730B583B004680025EF
:102E30000BE0228DA18A2088FFF7E4FF02AB03EBB1
:102E4000450323F8080C01353C34032DF1DDBDF8B2
:102E50000000BDF802301844BDF804301844BDF835
:102E600006301844C0F38F0003B030BD08B50F4BD7
:102E700098420BD003F58063984211D0A3F500630C
:102E8000984205D1072903DCC8B204E0012903DD1B
:102E900004F048F9102008BDC9B20831C8B2FAE7F9
:102EA0000529F5DCC9B20A31C8B2F4E7000C0140CB
:102EB00070B505460E461446012393409BB200228E
:102EC0001146304604F0B2FD2B68054A9B1A5D108E
:102ED00021463046FFF7CAFFABB2024AD05470BD5C
:102EE000540A0020440B002008B5FFF7DBFE08BDA4
:102EF00008B504F0D3FB00F5FF3000F2FF108002AC
:102F000008BD2DE9F043ADF2044DFFF7F1FF064691
:102F1000024600234FF0FF3503E052F8041B0D403A
:102F20000133FF2BF9DD04F09DFB4FF480724FF06D
:102F3000FF316846FFF775FC002400E001343F2CA8
:102F40001AD8E7B23846FFF7ABF80028F6D1384672
:102F5000FFF76EF880463846FFF79CF80DEBC40982
:102F600089F80300B8F818202DF834203846FEF709
:102F7000F3FFC9F80400E1E7FE21684604F080FB96
:102F8000FE9004F02DFDB5F1FF3F01D100240AE0D1
:102F9000304604F0E1FCF9E75DF8241006EB84000C
:102FA00004F038FD0134FF2CF6D904F025FDFE981D
:102FB0000DF2044DBDE8F083F8B5FFF799FF064622
:102FC00004F050FBFE21304604F05AFBD6F8F833EB
:102FD000834201D1002503E04FF0FF3019E00135B5
:102FE0007E2D15D836F83500FFF712F80446412833
:102FF000F5D0FFF755F80028F1D106EBC507796841
:103000002046FEF7D9FFF9782046FFF72DF8E6E7CE
:103010000020F8BD014B1860704700BF600B002016
:103020000D4B1B5CB3B90D4B196899B10C4B187063
:10303000DFF830C0DCF800300B4A02F8330002EB56
:10304000C3025160044A012111540B4403F00F03E1
:10305000CCF80030704700BF500B0020600B002000
:103060005B0B00205C0B0020000800200F280AD812
:10307000064B03EBC0035B680BB918467047034B64
:1030800013F8300070470020704700BF0008002090
:103090000F2801D900207047024B03EBC00358688A
:1030A000704700BF0008002008B5074B03EBC102C2
:1030B00092F804C053F83130044A52F82C200146EB
:1030C0000348FFF7CDFD08BD40A3000834A3000866
:1030D000649C000810B50C4B5B680BB1002409E040
:1030E0000A48FFF7BDFD0DE0074B13F83410FFF75A
:1030F000DBFF01340F2C05D8034B03EBC4035868E6
:103100000028F1D110BD00BF00080020749C000809
:1031100000B58BB0104B01EB410203EB820C53F86E
:103120002220DCF804C001EB410103EB81039B6822
:10313000D0F858020021089107910693CDF814C0E9
:10314000049203910291019100910B46012204F037
:103150009DF80BB000BD00BFACA30008F0B583B074
:1031600004460D4616461F4672B60121D0F8580295
:1031700004F09FF9019600970023B5F5006F34BF66
:10318000002201222946D4F8580204F097F90028B9
:1031900006DBD4F85432002B18DC62B603B0F0BD65
:1031A000D4F85432132BF4DC03F1110204EB0212B5
:1031B00055609760316804EB0312C2F81C11716806
:1031C000C2F820110133C4F85432E2E70121D4F8E7
:1031D000580204F06AF9E0E7012801DD0020704799
:1031E000014B53F820007047640B002030B58BB0C2
:1031F00004460D460AE09DF8213006AA09992046AA
:1032000000F0B2FA04F086FEC4F8F800002305933B
:1032100006AB04930DF12103039308AB02930DF168
:10322000220301930DF12303009309AB0122E9B2BC
:10323000D4F8580204F0B7F90028DCD10BB030BD47
:1032400030B583B0044600F58A7504E0D4F85432F2
:10325000013BC4F85432D4F85432002B17DD03F18B
:103260008053013B1A0105EB0313A9585A68083330
:103270000193D2B200920023B1F5006F34BF002257
:103280000122D4F8580204F019F90028DEDAD4F843
:1032900054320BB103B030BD0121D4F8580204F010
:1032A00008F9F7E770B584B00E4615461C4610685D
:1032B000B3F800C05A889B88B4F806E05B019BB263
:1032C000520192B24FEA4C1C1FFA8CF14FF0010CE4
:1032D000CDF808C000EA0C0CCDF804C04FEA4E1C33
:1032E0001FFA8CFCCDF800C004F0C2F80023336054
:1032F0002A6801322A60E380A3806380238004B0BF
:1033000070BD70B584B00E4615461C461068B3F803
:1033100000C05A889B88B4F806E05B019BB252015A
:1033200092B24FEA4C1C1FFA8CF14FF0010CCDF811
:1033300008C000EA0C0CCDF804C04FEA4E1C1FFA7E
:103340008CFCCDF800C004F083F8002333602A68B9
:1033500001322A60A380238040F2FF73E380638000
:1033600004B070BD70B582B00E4615461C4610689C
:103370001968C9005A68D20001230093034042F043
:10338000040241F0040104F083F8002333602A684A
:1033900001322A606360236002B070BD30B58BB02B
:1033A0000546002308930993474906AA03C982E802
:1033B000030004930593039302930193D5F85822D5
:1033C000424B9A420AD0A3F58063D3F8003AC3F384
:1033D000052300930024C2F81C4221E00023F8E7F3
:1033E00004F11E0205EB8202516871B3029A501C6F
:1033F00002900DF1280C0CEB420C2CF8103C023220
:1034000002920AAB03EB400020F8101C039B042B34
:1034100024D0029B022B28D0019B022B2CD00134FC
:10342000D5F8F430A3422EDD05EB84035B68B3F5D9
:10343000006FD5D3019A23F060430AA901EB820102
:1034400041F8183C01320192E0E7039A0AA901EB26
:10345000420121F8083C01320392D7E708AB6A46E3
:1034600003A92846FFF71EFFD3E706AB6A4602A969
:103470002846FFF746FFCFE704AB6A4601A9284676
:10348000FFF770FFCBE7039B002B07DC029B002BB1
:103490000BDC019B002B0FDC0BB030BD08AB6A4688
:1034A00003A92846FFF7FEFEF0E706AB6A4601A92E
:1034B0002846FFF726FFECE704AB6A4601A9284639
:1034C000FFF750FFE8E700BFE8A3000800640040F2
:1034D000F8B504460D4616461F4600F0E3F8544B77
:1034E00023600023C4F85432C4F85852514B9D4213
:1034F0002FD003F580639D4258D1002F00F08280C9
:103500004D4D202302220021284604F08FFA20216D
:10351000284604F0C0FA402302220321284604F082
:1035200085FA402005F002F8F021402005F00AF865
:10353000412004F0FBFFF021412005F003F83F207B
:1035400004F0F4FFF0213F2004F0FCFF3B4B5C60F3
:103550002CE0002F41D0384D4FF48073022200211F
:10356000284604F063FA4FF48071284604F093FA79
:103570004FF4007302220321284604F057FA142066
:1035800004F0D4FFF021142004F0DCFF152004F037
:10359000CDFFF021152004F0D5FF132004F0C6FF65
:1035A000F021132004F0CEFF244B1C60D4F8580205
:1035B00003F060FE31462046FFF7AAFD2046FFF7E4
:1035C000EDFE0221D4F8580203F06FFF1021D4F869
:1035D000580203F06AFF2046F8BD194D4FF400630E
:1035E00002220021284604F021FA4FF40061284607
:1035F00004F051FA4FF4805302220321284604F0CC
:1036000015FABCE70C4D4FF48053022200212846E6
:1036100004F00CFA4FF48051284604F03CFA4FF4C1
:10362000005302220321284604F000FA79E700BF84
:10363000A0A3000800640040000C0140640B0020BF
:103640000008014008B50020FFF7C6FD0021FFF784
:10365000CDFD08BD08B50020FFF7BEFD0121FFF735
:10366000C5FD08BD08B50020FFF7B6FDFFF7E8FD72
:1036700008BD08B50120FFF7AFFD0021FFF7B6FD3B
:1036800008BD08B50120FFF7A7FD0121FFF7AEFD3A
:1036900008BD08B50120FFF79FFDFFF7D1FD08BD6C
:1036A00070477047084B03600023C0F8F430C0F83F
:1036B000FC3005E003F14002044940F822100133D8
:1036C000042BF7DD704700BFF8A300088408002032
:1036D000D0F8FC30042B01DD0020704703F14002DC
:1036E00040F822100133C0F8FC300120704710B5BB
:1036F0001446D0F8F4201D2A0CDD002010BD013343
:103700009A420ADD00EB830CDCF804107145F6D117
:103710000020F3E78E460023F2E700EB8203C3F8B4
:1037200004E002F11E0300EB83035C600132C0F889
:10373000F42003689B6898470120DFE738B5054609
:103740000024C0F8F44003689B68984707E004F140
:10375000400355F8230003685B6898470134D5F8A7
:10376000FC30A342F3DC38BD2DE9F8430546894619
:1037700090461F4600240AE004F1400355F8230058
:1037800003681E683B4642464946B0470134D5F8B7
:10379000FC00A042F0DCBDE8F88370B5054600F1FE
:1037A000300634460BE034F8043BC3F3C02123F465
:1037B0000063002203EB41716868FFF798FFA31BC9
:1037C000242B02DCA378322BEDD170BD2DE9F04122
:1037D00082B0054600F108073E46F31B242B00F398
:1037E0009380B378322B00F08F80002300930193F5
:1037F000B37803EB4304A40058342C441AE0C0F31C
:1038000007231B0443EA0063C0F3074243EA022391
:1038100043EA1063E2791F2A3DD8C2F11F0223FA5E
:1038200002F2009B13430093647A04EB4404A40067
:1038300058342C44637AFF2B5DD0354B1B78002B1A
:1038400062D12079FEF796FB0146206805F0BEFBA9
:10385000804694F9060005F065FB414605F0AEFA96
:1038600005F07AFD94F908C08CEAEC71A1EBEC71DB
:10387000C9B24FF0FF328A4020EA0200BCF1000FCB
:10388000BDDBE2791F2A20D9203A00FA02F2019B1F
:1038900013430193C8E79444BCF11E0F07DDC2F146
:1038A0003F0223FA02F2019B13430193BCE7A2F10A
:1038B0001F0003FA00F0009901430091C2F13F029A
:1038C000D340019A1A430192AEE702EB0C03202B7E
:1038D00005DC00FA02F2009B13430093A4E700FA10
:1038E00002F1009B0B430093C2F12002D040019BE8
:1038F0000343019398E7686803685C6808236A4695
:1039000036F8041BA04768E702B0BDE8F08100BFAD
:103910006C0B002010B509B302F10C0E00EB8E0EFB
:103920000A2A46D89EF80210322944D001EB410CF5
:103930004FEA8C0C0CF1580C844400210C469CF886
:103940000910FF2933D073B1013BDBB201EB410118
:1039500089005831644600EB010CF0E702F1020ED9
:1039600000EB8E0EDCE72CB16172FF238CF809307E
:1039700001201FE0322904D08EF80210F5E7013350
:10398000DBB29918092904DC0EEB8301897832290E
:10399000F5D1013BDBB20EEB830291788EF8021079
:1039A0003EF82330AEF8003032239370DDE700207C
:1039B00000E0002010BD0020FCE7F8B500F108038E
:1039C00000263446354637463DBB1A462C46A2EB08
:1039D000030CBCF1240F27DC92F802C0BCF1320FBB
:1039E00022D00CEB4C0E4FEA8E0E0EF1580E864490
:1039F000002609E00136F6B20CEB4C0C4FEA8C0CB9
:103A00000CF1580C00EB0C0E9EF809C0BCF1FF0F36
:103A100006D0BEF804E08E45ECD15DB10020F8BDC3
:103A20000134E4B20432D2E700F130033D46012212
:103A30001746C9E7334622463946FFF76BFFEEE7E4
:103A400070B514461E460023079A137000F108054E
:103A5000002B46D12A46531B242B3ADC92F802C095
:103A6000BCF1320F35D00CEB4C0E4FEA8E0E0EF13E
:103A7000580E864407E00CEB4C0C4FEA8C0C0CF112
:103A8000580C00EB0C0E9EF809C0BCF1FF0F1ED0C5
:103A9000BEF804308B42EED11388C3F3C0222360FA
:103AA00023F40063236043EA427323609EF80730E7
:103AB00033709EF90820049B1A70DEF80020059BE5
:103AC0001A609EF90620069B1A70012070BD043210
:103AD000C1E7079B1B780122079D2A7000F1300582
:103AE000B6E70020F2E78446D9B102F10C0100EB01
:103AF00081010A2A27D88A78322A26D002EB42028C
:103B0000920058320CEB0200427AFF2A19D063B1BE
:103B1000013BDBB202EB4202920058320CEB020096
:103B2000F2E7911C00EB8101E3E70B88C3F3C022AD
:103B300000990B6023F400630B6043EA42730B604F
:103B400070470020704700207047002070472DE923
:103B5000F04385B00646884600F1080900273B4639
:103B60002FE02B88C3F3C02C23F4006194F90830B4
:103B7000E2792079029794F906E0CDF804E0D4F8D0
:103B800000E0CDF800E041EA4C71C047647A04EBF4
:103B90004404A40058343444637AFF2BE1D1043543
:103BA000A5EB0903242B08DCAB78322B05D003EB03
:103BB0004304A40058343444EEE706F130093B4690
:103BC00001270BB94D46EBE705B0BDE8F0830023B4
:103BD00006E001EB83024FF0320C82F802C00133A1
:103BE000092BF6DD002307E003EB430200EB820222
:103BF000FF2182F861100133322BF5DD704710B5DB
:103C0000044600F10801FFF7E2FF04F1300120460D
:103C1000FFF7DDFF6068FFF791FD10BD2DE9F04172
:103C20000F4615461E460024A0460AE0286803F009
:103C300021FD804655F8041B07EB840003F0EAFEE3
:103C40000134B442F2DB4046BDE8F081084600E0B2
:103C50000430431A242B0ADC8378322B05D00388E6
:103C6000534033F40063F3D102E00020704700209A
:103C7000704700004B4B1B7803B170472DE9F041B2
:103C8000054616460A4600F13001FFF7DFFF00281F
:103C900000F08580837803EB4304A40058342C445F
:103CA00042E01F2B53D83068C0F30722120442EAC7
:103CB0000062C0F3074742EA072242EA1062C3F1FA
:103CC0001F03DBB201208840013822FA03F31840B9
:103CD00005F024F9074694F9060005F023F9394662
:103CE00005F06CF80146206805F070F90746207968
:103CF000FEF7D6F920B12079FEF7D2F9012849D193
:103D0000B4F804804FF08441384605F05FF905F0BF
:103D100023FB01465FFA88F0FEF700F9647A04EBB2
:103D20004404A40058342C44637AFF2B37D0E37941
:103D300094F9082082EAE271A1EBE271C9B2002A8B
:103D4000AFDB1F2B18D97268203BDBB2BAE71A44ED
:103D50001F2A03DD7068203BDBB2A5E75B1ADBB2EC
:103D60000133DBB23068D8407268C3F120039A4057
:103D700010434B1EDBB297E71A44202A01DC32685D
:103D8000A0E73268DA407068C3F12003984002432C
:103D9000002397E739462079FEF714F9BEE7BDE81E
:103DA000F08100BF6C0B00202DE9F8439DF82070D6
:103DB0009DF92460002E76D004460D469146984623
:103DC00086EAE673A3EBE673DBB2202B6ED8002EF7
:103DD0000BDDBB19402B6CDC424629462046FFF721
:103DE00035FF844658B100221BE03F2F64D87BB2D8
:103DF0003344B3F1FF3FEFDA6FF0010051E00021EF
:103E0000092907DC05EB81039A78322A01D00131B8
:103E1000F6E79C46BCF1000F51D0ACF80080E2E719
:103E20000132312A07DC02EB420304EB830393F8EF
:103E30006130FF2BF4D1322A44D09CF802300021AB
:103E40000AE003EB430189005831214403EB4303AB
:103E500004EB830393F86130322BF2D102EB42037F
:103E600004EB8304A4F85C900A9BA3659DF92C30B5
:103E700084F85E3084F85F7084F86060322384F8E0
:103E8000613019B14A722B46002004E08CF8022000
:103E9000F9E7013004335A1B242A02DC9A78322ACB
:103EA000F7D1BDE8F8836FF00200FAE76FF0020087
:103EB000F7E76FF00100F4E76FF00100F1E76FF052
:103EC0000300EEE76FF00400EBE7B2F5006F16D2E7
:103ED00000B585B09DF920C0CDF80CC0DDF81CC040
:103EE000CDF808C09DF918C0CDF804C00093134662
:103EF0000A4600F10801FFF757FF05B000BD4FF07B
:103F0000FF30704770B584B005461446C2F3407068
:103F100022F00052B2F5006F1DD29DF928C0CDF8F5
:103F20000CC0DDF824C0CDF808C09DF920C0CDF844
:103F300004C0009342EAC0230A4605F13001284636
:103F4000FFF732FF0646002221466868FFF7CFFBE5
:103F5000304604B070BD4FF0FF331E46F8E72DE940
:103F6000F04F89B08346059206938A46079131E067
:103F7000B4F9020004F0D6FF002303930290CDF8B9
:103F8000048000953B46049A05993046FFF70CFFE4
:103F90000634A4EB09032A2B1ADC94F90530002B14
:103FA00016DD2088FEF734F80490DBF80060BAF8DC
:103FB0000070257994F90580069B002BD8D0B4F9C0
:103FC000020004F0AFFF4FF0745104F0FFFFD3E79D
:103FD0000AF1320A079BAAEB0303B3F5E17F0ADC7F
:103FE000BAF800104FF6FF73994204D00AF10205A7
:103FF0002C46A946CDE709B0BDE8F08F08B503F01F
:104000004DFB00F5FF3000F5FF70800208BD70B574
:1040100082B006460190FFF7F1FF0446D0F8E8535E
:1040200003F020FBFA21204603F02AFB854202D050
:10403000002002B070BD01AD002332460832214697
:104040002846FFF78CFF01233246303204F5FA711F
:104050002846FFF784FF0120EBE7F8B505460F4639
:104060000E460EE02079FDF7E3FF038BA380647A10
:1040700004EB4404A40058342C44637AFF2BF1D1A0
:104080000436F31B242B08DCB378322B05D003EB6A
:104090004304A40058342C44EFE7F8BDF8B50546B6
:1040A0000F460E460DE0A088FDF7B2FFA080647AAF
:1040B00004EB4404A40058342C44637AFF2BF2D15F
:1040C0000436F31B242B08DCB378322B05D003EB2A
:1040D0004304A40058342C44EFE7F8BDF0B583B096
:1040E0000546FFF78BFF064602462A4B0121197051
:1040F00000234FF0FF3403E052F8041B0C4001335F
:10410000FF2BF9DD03F0AEFA03F06AFC022003F0A6
:104110005DFCB4F1FF3F38D105F108073946284668
:10412000FFF79BFF05F1300421462846FFF795FF76
:104130000A233A4631462846FFF770FD0A232246F5
:1041400006F128012846FFF769FD0190962305F145
:10415000580206F150012846FFF760FD0190012347
:1041600001AA06F52D712846FFF758FD03F044FC1F
:1041700039462846FFF792FF21462846FFF78EFF73
:10418000044B00221A7003B0F0BD304603F0E4FB8C
:10419000C2E700BF6C0B0020F8B50646FFF72EFF04
:1041A0000446D0F8B45203F05DFAAA21204603F089
:1041B00067FA854203D03046FFF729FFF8BD06F1C4
:1041C00008070A2221463846FEF720FB06F1300593
:1041D0000A2204F128012846FEF718FB962204F172
:1041E000500106F15800FEF711FB39463046FFF743
:1041F00055FF29463046FFF751FF0120DEE700005A
:1042000038B50446084615460D4B23600D4B236018
:1042100061602146FFF75CFA04F108012046FFF7D0
:10422000D6FC04F130012046FFF7D1FC25B9204629
:10423000FFF7B3FA204638BD2046FFF7ADFFF6E79B
:10424000F49300081CA40008036ED3B14FF47A73F2
:10425000036604E0036E002B07DD01233BB1826D92
:10426000C36D9A42F6D00023F8E70023F6E7836D8A
:104270005A1C826503F03F03034419764FF0FF3365
:1042800043617047A0F10400FFF7DEBF10B504469C
:10429000017C002201F5C0618068FFF728FA617C8B
:1042A0003F2900D910BD002201F5B061A068FFF7D9
:1042B0001EFAF7E710B504460846144B2360144B6A
:1042C0006360144B236014336360A160E2600123D8
:1042D0002374FF2363744FF0FF3363610023A365EE
:1042E0004022E2654FF47A722266412284F864200B
:1042F000A36684F87830E36784F888302146FFF7B6
:10430000E7F92046FFF7C2FF204610BDF4930008EE
:1043100030A200082CA4000808B501748068FFF7DB
:104320000DFA08BD10B582B004468DF80010ADF846
:1043300001309DF810308DF80330059B0193437CCC
:1043400093420DD1002384F87830A068617C036823
:104350005C6808236A4601F5C061A04702B010BD41
:1043600042748068FFF7EAF9ECE738B504460A467C
:104370008068217C03685D68082301F5B061A84767
:10438000002384F8883038BDB1F8012045F20103DC
:104390009A4211D0012380F888300B7880F8803061
:1043A000B1F80130A0F88130CB7880F883304B68C9
:1043B000C0F88430002070470B78402B01D00020DB
:1043C00070474FF0FF330B714B7100238B71CB7132
:1043D00041220A704FF47A72026683654023C365F6
:1043E000CB784361012070472DE9F04184B0074646
:1043F0000C46B1F80120C2F3C0131E46CD7825B19A
:10440000013D05EBD575C5F3470503AB00932B467E
:1044100002F03F023146F868FFF765FB80462378DB
:10442000402B0DD0232B3DD08023237000232371FC
:1044300063710223A3710623E37104B0BDE8F08128
:1044400030B30079FDF7F4FD028BE37823B9039BC9
:10445000636043232370F0E713F0010F09D098F84D
:10446000073042EA034298F9083042EA0362626088
:10447000EFE71549D8F8000004F0A8FD04F06CFF40
:1044800020F07F4398F9062043EA02636360E0E787
:10449000802323700023237163710223A3710623F9
:1044A000E371CAE70028BFD06368002BBCD1B4F821
:1044B00001202B4602F03F023146F868FFF72AFA46
:1044C00060232370B9E700BF00007A440B78232BE8
:1044D00000D070472DE9F04184B005460C461646E1
:1044E000CB7883B94B68B3F1005F04D323F000525B
:1044F000B2F5006F03D2AB666023237019E04FF072
:10450000FF3383660CE0826E1746B2F1FF3F01D0A5
:10451000012B11D095F9742090460AB1022B1DD0C1
:10452000802323700023237163710223A371062368
:10453000E37104B0BDE8F081486880B2FDF768FD22
:10454000A5F870006368C3F3054385F873306368AA
:104550001B1685F874303F28CED9E1E7606840F338
:10456000170004F0DFFC154904F0E4FDE866636819
:104570001B1685F87230A6B102930190CDF8008029
:1045800095F873303A4695F87010E868FFF7BAFC72
:10459000002385F874304FF0FF33AB660028ABDAA8
:1045A000BEE702930190CDF8008095F873303A464B
:1045B00095F87010E868FFF788FCE9E700007A4496
:1045C00038B504460D460A7802F06003602B31D0FE
:1045D000B1F80130B3F5005F5AD003F47F40B0F575
:1045E000045F55D0E16819B1B3F5405F00F08580F4
:1045F00021B143F2010C634500F0858019B1B0F59B
:10460000445F00F0868045F203018B4200F0868013
:1046100045F204018B4240F09B80402A00F09180DB
:1046200080232B7000232B716B710223AB71062347
:10463000EB7119E002F010020A700122072A0EDC69
:10464000E36DA16D5B1A402B09D0E36D591CE16548
:1046500003F03F0323441B7EAB540132EEE7E36DCE
:10466000A16D5B1A402B09D0A068217C03685C68AF
:1046700008232A4601F5B061A04738BD2B7843F0E6
:1046800001032B70C2F1080243EA42032B70EBE7EF
:10469000E87803F47F42B2F5045F0CD03F2822D8BB
:1046A0002B78232B0DD0402BDED1FDF755FC686015
:1046B00043232B70D8E71B029BB21844FDF7A8FCDC
:1046C000ECE76968FDF72AFC10B960232B70CBE793
:1046D00080232B7030232B7100236B710923AB7166
:1046E0000623EB71C0E780232B7000232B716B71C5
:1046F0000223AB710623EB71B6E700222946204660
:10470000FFF7E4FEB0E7012229462046FFF7DEFE70
:10471000AAE729462046FFF767FEA5E7402A09D009
:1047200080232B7000232B716B710223AB71062346
:10473000EB7199E7E878FEF799FC686043232B70EA
:1047400092E7E878FEF7A4FC686043232B708BE7C0
:1047500029462046FFF718FE002885D18DE7000086
:10476000F0B583B004461546037C03F5C0638B4265
:1047700007D0437C1E4603F5B0638B4205D003B0DF
:10478000F0BD1146FFF71CFFF9E7B2F801301F46F4
:10479000A3F540539BB2012B08D92B78803B18BF5F
:1047A000012384F878306B68E367E8E7D378ABB12E
:1047B000012BF2D11349C06E04F008FC04F0CCFDCB
:1047C00094F9723040EA03630193022300933B465D
:1047D000324623212046FFF7A5FDDEE7B0F8703012
:1047E00090F8732043EA024390F9742043EA02638D
:1047F0000193012300933B4632462321FFF792FDAC
:10480000CBE700BF00007A4410B50446B0F8013091
:10481000B3F5A04F0DD045F20202934234D080236D
:1048200023700023237163710223A3710623E371B4
:1048300010BD0278402AEED143230370C378022BC7
:1048400013D007D863B1012B14D12E4BD3F8EC371A
:104850004360EDE7032B0DD1FDF72CFC6060E7E72B
:10486000284BD3F8E8374360E2E7264BD3F8F0371C
:104870004360DDE7802323700023237163710223EB
:10488000A3710623E371D3E72378232BC7D16023D9
:104890002370E378012B21D009D9022B26D0032BDA
:1048A00026D1FDF7CDFB4020FCF7BCFDC0E7FBB9EE
:1048B000154B1B784BB172B6144B186808B1FFF753
:1048C0000DFCFEF71EFB62B6B2E7802323700023C7
:1048D00023716371A3710823E371A9E772B6FEF730
:1048E0006BFB62B64020FCF79DFDA1E703F016FECE
:1048F000802323700023237163710223A371062395
:10490000E37195E700F0FF1F88080020700B00207E
:104910002DE9F04184B00E46174698469DF8304088
:10492000FDF786FB43681D461449154B1868FEF7D2
:10493000ABF9ECB11349124B1868FEF7A5F94FF02B
:1049400084410A9804F042FB0D4B1C689DF92C3001
:10495000039304F001FD0290CDF8048000973346E4
:104960002A4609492046FEF78FF904B0BDE8F081D8
:104970000649034B1868FEF787F9E0E7389E000800
:10498000780B0020409E0008489E0008449E0008C6
:1049900070B505460846FDF70DFF06462021FDF7D8
:1049A000BDFE0378A3B1002300F8013B0521FDF70C
:1049B000D4FF04463046FDF715FB412812D02146AE
:1049C000FDF7ACFA48B90A492846FEF75DF903E05D
:1049D00008492846FEF758F970BD07492846FEF7F2
:1049E00053F9F9E7324605492846FEF74DF9F3E752
:1049F000789E00085C9E0008849E00089C9E00082B
:104A0000F8B507460846FDF7D5FE054609E02A46F3
:104A10000F493846FEF738F9254605F8016B2C2E6C
:104A200014D12C212846FDF779FE04460678002390
:104A300003702846FDF7D6FA4128E8D0FDF78CFA36
:104A4000024604493846FEF71FF9E5E7F8BD00BF06
:104A5000BC9E0008B49E00082DE9F04106460846B9
:104A6000FDF7A8FE07462021FDF758FE03789BB10D
:104A700004460546002305F8013B3846FDF7B2FA27
:104A80008046412829D06378212B0AD07E2B08D07C
:104A90002F2B06D0002406E013493046FEF7F4F829
:104AA0000FE0A51C012429461048FDF719FE50B956
:104AB00074B101214046FDF7E5FA0D493046FEF795
:104AC000E3F8BDE8F0810B493046FEF7DDF8F8E782
:104AD00001214046FDF7CEFAEFE73A460649304657
:104AE000FEF7D2F8EDE700BFD89E0008E89E000868
:104AF000009F0008F09E00089C9E00082DE9F04FE2
:104B00008BB007460846FDF755FE037805934649E6
:104B10003846FEF7B9F800264FF0200822E0434A55
:104B2000039202930190CDF800A04B4642464049C3
:104B30003846FEF7A9F82846FDF7B2FA20B1284614
:104B4000FDF7AEFA01285AD1E2682369616920684D
:104B500002960190009137493846FEF795F84FF0DC
:104B60002C0801363F2E51D8F5B22846FDF760FAE1
:104B700004462846FDF78EFA10F0010F02D0059B7F
:104B8000682BEED1D4F80490D4F808A0B4F818B08B
:104B90002846FDF7E1F90290CDF804B0CDF800A069
:104BA0004B46424624493846FEF76EF80DF11F0386
:104BB00003930DF11E03029309AB01930DF11D0345
:104BC000009307AB08AA29461C480068FEF738FF87
:104BD0000028B0D0DDF820809DF81C909DF91DA024
:104BE0004FF08441099804F0F1F904F0B5FB9DF908
:104BF0001E309DF81F20002A91D0114A90E71149DC
:104C00003846FEF741F84FF02C08AAE70E4BD3F8D0
:104C1000F0270E493846FEF737F80D493846FEF7BB
:104C200033F80BB0BDE8F08F249F00081C9F0008EC
:104C3000589F0008BC9F0008289F0008740B0020A4
:104C4000149F0008A89F000800F0FF1F0CA0000898
:104C500048A000082DE9F0478AB0074600230593D5
:104C600006930793089309930846FDF7A3FD04787C
:104C7000702C38D0632C44D02021FDF74FFD0378F1
:104C8000002B47D0FDF796FD06462021FDF746FD97
:104C900003780BB9642C44D10546002305F8013B89
:104CA0003046FDF79FF9064681462846FDF782FD0E
:104CB0008046412E3AD0642C3DD000231D464FF053
:104CC0007E539A46042D62DC20214046FDF726FDE6
:104CD00006460378002B39D1022D37DC5949384676
:104CE000FDF7D2FF1AE0584B1B68002BFBD1564C46
:104CF00027605649564B1868FEF729FF00232360AA
:104D00000CE0534B1868FEF77AFF52493846FDF71E
:104D1000BBFF03E04B493846FDF7B6FF0AB0BDE8DC
:104D2000F08748493846FDF7AFFFF7E74A4938466C
:104D3000FDF7AAFFF2E73146454B1868FEF73DFE46
:104D4000024646493846FDF79FFFE7E700233370E8
:104D50004046FDF716FD032D0DD00AAB03EB85038E
:104D600043F8140C30460130FDF724FD80462B46F5
:104D700001331D46A6E710214046FDF7EEFD04F085
:104D8000D1F84FF05E5104F021F98246EAE7742C25
:104D90001FD09DF924300293CDF804A09DF91C305A
:104DA00000939DF81830059A494629480068FFF796
:104DB000A9F810F1030F2ED01CDD10F1020F24D042
:104DC000B0F1FF3F33D1059A25493846FDF75CFF26
:104DD000A4E79DF924300293CDF804A09DF91C307E
:104DE00000939DF81830059A494619480068FFF766
:104DF0006CF8DEE710F1050F13D010F1040F16D197
:104E000018493846FDF740FF88E7069A16493846A4
:104E1000FDF73AFF82E7079A14493846FDF734FF59
:104E20007CE7059A12493846FDF72EFF76E7012800
:104E300006DD104B024610493846FDF725FF6DE7A9
:104E40000E4BF7E778A00008780B00201149000806
:104E5000740B002054A000088CA00008A0A000083B
:104E6000B8A000081CA10008CCA00008E0A0000821
:104E7000F4A0000850A0000838A10008109F000806
:104E800010B50D4B1B7893B1044672B60B4B1868E6
:104E9000FFF724F90A492046FDF7F6FEFEF731F840
:104EA000024662B607492046FDF7EEFE10BD0649F0
:104EB000FDF7EAFEFAE700BF89080020740B002026
:104EC00064A1000874A1000890A1000810B5044670
:104ED00072B6FEF771F862B638B94020FCF7A2FA54
:104EE00004492046FDF7D0FE10BD03492046FDF7DA
:104EF000CBFEF9E7D4A10008E8A1000808B503F04B
:104F00000DFB2DE9F843054688461746002604E0C8
:104F100023782C2B16D1BE4214D22C212846FDF723
:104F2000FDFB044690F80090002303702846FDF72F
:104F300059F8254605F8019B4128E9D008F80600F4
:104F40000136E5E73046BDE8F88300002DE9F04181
:104F500084B006460846FDF72DFC0446FDF711FC1B
:104F6000804620212046FDF7D9FB03784BB10A2269
:104F700001A90130FFF7C5FF07463046FDF7A8F845
:104F800020E018493046FDF77FFE04B0BDE8F0810F
:104F900004F110036B4413F80C0CFCF7DDFF03461F
:104FA0002A4611493046FDF76FFE01340F4DBC42D1
:104FB000EEDB0F493046FDF767FEB8F1FF3F01D049
:104FC00008F1FF383046FDF77DF80028DDD1804537
:104FD00002DD084D0024EAE7B8F1FF3FD5D1054DC9
:104FE0000024E4E700A2000820A20008549F000863
:104FF000D0A10008109F000808B5042856D019DC7D
:1050000002282FD003283FD0012811D1394B3A4A2A
:105010001A603A4B3A4A1A603A4B3B4A1A601520DA
:105020003A4B1860FCF79EFF394B1860012008BD11
:105030000020FCE705284BD0062811D12D4B354A1E
:105040001A602E4B344A1A602E4B344A1A601320D1
:105050002E4B1860FCF786FF2D4B18600120E6E709
:105060000020E4E7234B2E4A1A60244B2D4A1A6095
:10507000244B2D4A1A601620244B1860FCF772FF4F
:10508000234B18600120D2E71A4B284A1A601B4BA9
:10509000274A1A601B4B274A1A6011201B4B1860C5
:1050A000FCF760FF1A4B18600120C0E7114B224A41
:1050B0001A60124B214A1A60124B214A1A601220C0
:1050C000124B1860FCF74EFF114B18600120AEE741
:1050D000084B1C4A1A60094B1B4A1A60094B1B4AB1
:1050E0001A601420094B1860FCF73CFF084B18604D
:1050F00001209CE7840B002058090020800B002031
:10510000480900207C0B002050090020B80B00202B
:10511000BC0B0020700900206009002068090020F5
:10512000080A0020F8090020000A0020180A0020C0
:10513000B8090020C0090020B00900209009002013
:1051400098090020880900207809002080090020A3
:1051500070B500240FE0174B1B689988186802F09F
:105160009CFC154B1B689988186802F094FC134B43
:1051700000221A702C46052C1BDC651C2846FFF704
:105180003BFFB0B10E4B53F82430002BE3DD094E4A
:1051900033689988186802F086FC3068FCF7DAF802
:1051A0000028E7D0064A52F82430013B42F8243068
:1051B000E0E770BD7C0B0020800B00209C0B0020E2
:1051C000A00B00202DE9F04104460D46FFF714FF27
:1051D00048B1274B1B7833B9631E1A461E46254B30
:1051E00053F822300BB1BDE8F081234B1878FCF75F
:1051F000B9FE0746C4B2FF220021284601F080F81C
:105200008046C3B21D469C4219D3AC42EBD91B4B1E
:105210001B689988186802F040FC194B1B68998834
:10522000186802F03AFC5FFA88F1FBB25B1A114A87
:1052300042F82630104B1878FCF7B6FED3E70F4B38
:105240001B689988186802F028FC0D4B1B68998828
:10525000186802F020FC5FFA88F1FBB2CB1A054A0D
:1052600042F82630044B1878FCF79EFECDE700BFCD
:105270009C0B0020A00B0020B80B0020800B00200E
:10528000840B0020F8B5134B01221A700024052C62
:105290001EDC651C2846FFF7AFFEC8B10E4F002686
:1052A00047F824600D4B1B689988186802F0F5FBDD
:1052B0000B4B1B689988186802F0EFFBFF2347F837
:1052C00024303146074B1878FCF76EFE2C46DEE79B
:1052D000F8BD00BF9C0B0020A00B0020800B00201D
:1052E000840B0020B80B002008B5054B998818687E
:1052F00002F0D1FB00211720FCF756FE08BD00BFCD
:105300002809002008B5054B9988186802F0C5FBEC
:1053100001211720FCF748FE08BD00BF2809002026
:1053200008B5094B1B784BB90146052809D8074B2E
:1053300018600C20FCF738FE002008BD4FF0FF304D
:10534000FBE74FF0FF30F8E7900B0020980B0020B0
:10535000F8B55C4B1E68304604F044F8054602245C
:1053600001231F4600E00134052C0ADC564B53F89C
:105370002400301A04F036F88542F4DD054627464D
:10538000F1E7524B1F60524B1B7833BB514B1B68EC
:10539000002B42D04C4A52F82340A41B204604F074
:1053A00021F80A287DDD02F0B5FD4B4B1B68B342A6
:1053B00044D0494B1E60494B1860002C63DD484BBC
:1053C00001221A70474B9988186802F064FB464B1B
:1053D0009988186802F061FB2FE002F09BFD3E4BBC
:1053E0001B68B34204D03C4B1E603C4B186024E069
:1053F0003A4B1B68C01A63281FD93A4B9988186822
:1054000002F04BFB384B9988186802F046FB0023EA
:105410002C4A13602E4A13700FE0324B998818689B
:1054200002F03BFB304B9988186802F036FB2A4BA0
:105430001E6002F06FFD294B1860F8BD274B1B68FA
:10544000C01A6328B9D9274B9988186802F025FB40
:10545000254B9988186802F020FB1E4B1B68012B16
:1054600006D0052B0BD1174B40F2B6321A6002E082
:10547000144B00221A60174B00221A60DDE70A2045
:10548000FDF7CEFDF7E7164B00221A70154B9988F1
:10549000186802F002FB144B9988186802F0FBFAB6
:1054A000CBE7104B9988186802F0F7FA0E4B9988F1
:1054B000186802F0F2FA084B1E6002F02BFD074B51
:1054C0001860BAE7CC08002044A40008940B002020
:1054D000900B0020980B0020880B00208C0B0020E4
:1054E0008A080020A8090020A0090020014B1868A4
:1054F000704700BF940B002008B50D4B01221A70B5
:1055000000230C4A13600C4A13700C4B99881868DE
:1055100002F0C3FA0A4B9988186802F0BCFA02F04C
:10552000F9FC084B1860084B1A68084B1A6008BD54
:10553000900B0020980B00208A080020A80900206A
:10554000A00900208C0B0020CC080020880B002034
:10555000CBB203EB1123002203E0815C0B449BB22E
:105560000132062AF9DDD8B27047000008B559B1FA
:105570000122824009490B7813430B70074B1978BD
:105580003120FCF711FD08BD01238340DB435BB2F2
:1055900002490A7813400B70F0E700BFCE0B0020E1
:1055A00030B583B005460820FCF7DCFC04462E200D
:1055B000FCF7D8FC8DF8000003128DF801308DF84F
:1055C000024024128DF8034000238DF804309842E5
:1055D00011DD01238DF8053000238DF806308DF89C
:1055E00007302B685C6808236A4640F2A1212846F0
:1055F000A04703B030BD0023ECE7000010B504461F
:105600000920FCF7AFFC01280ED002280ED002F0D2
:1056100081FC95280CD9094B53F8243053B1C01A9A
:10562000322809D9012002E0012000E0002010BD4D
:105630000020FCE70120FAE70020F8E7D00B00206B
:1056400030B583B004460120FFF7D8FF054668B1A6
:1056500040F2FF13009300230193204623685B6808
:105660001C4602236A4640F2D121A0472946012068
:10567000FFF77CFF03B030BD30B583B0044689230B
:105680008DF8003042238DF8013072238DF80230FE
:1056900085238DF8033001238DF804302C238DF8F9
:1056A0000530144B1B781B0143F002038DF80630C4
:1056B00040F2A1316846FFF74BFF8DF80700032049
:1056C000FFF79CFF054640B1204623685B681C46F7
:1056D00008236A4640F2A131A04729460320FFF77C
:1056E00045FF044A1378013303F00F03137003B02E
:1056F00030BD00BFCB0B002030B583B00446022084
:10570000FFF77CFF054668B1094B6A4693E8030042
:10571000CDE90001204623685B681C46082340F25F
:105720002131A04729460220FFF720FF03B030BDFA
:1057300068A4000830B583B00546002300930193A8
:10574000274B1B78A3BB41238DF8003001238DF834
:10575000013005238DF80230224B1B781B018DF898
:10576000063040F221216846FFF7F2FE8DF807006F
:105770000020FFF743FF044640B128462B685B68D2
:105780009C4608236A4640F22121E047214600203A
:10579000FFF7ECFE124A1378B3FA83F35B09137038
:1057A000104A1378013303F00F03137003B030BDB8
:1057B00040238DF8003041238DF8013005238DF80A
:1057C000023015238DF8033050238DF80530054B3A
:1057D0001B781B0143F001038DF80630C1E700BFC1
:1057E000CD0B0020CC0B002030B583B005462D4BEF
:1057F0001B78002B3CD103238DF8003019238DF842
:10580000013064228DF8022032228DF803208DF8B9
:10581000043000238DF80530234B1B781B018DF8D5
:10582000063040F245516846FFF792FE8DF80700BA
:105830000420FFF7E3FE044640B128462B685B686E
:105840009C4608236A4640F24551E0472146042021
:10585000FFF78CFE134A1378B3FA83F35B091370D6
:10586000114A1378013303F00F03137003B030BDF6
:1058700014238DF8003000238DF801303F238DF87C
:10588000023070238DF803309F238DF804300123FC
:105890008DF80530044B1B781B0143F00A038DF88B
:1058A0000630BEE7CA0B0020C90B00202DE9F843E3
:1058B000044602F02FFB304B186021786078030219
:1058C00003F4E0631943A278530103F4787343EAC5
:1058D000D007E578ED0045EA521520796279130288
:1058E00003F4807340EA0308A379DB0103F4F06357
:1058F00043EA5209E67906F00F0601EB81014900FF
:105900002D20FCF751FB384603F00CFB1B4903F03C
:105910005DFB01462F20FCF755FB404603F002FBE0
:10592000164903F053FB01463520FCF74BFB484674
:1059300003F0F8FA4FF07C5103F048FB01463420A5
:10594000FCF740FB31463220FCF72EFBE179C90918
:105950003320FCF729FB05EB850569003020FCF7B7
:1059600023FB032E03D00F2E01D0BDE8F8830220C5
:10597000FDF756FBF9E700BFE80B0020CDCCCC3D8E
:1059800003780A2B00D0704710B50446037941799B
:1059900043EA01213620FCF707FBA379E17943EACA
:1059A00001213720FCF700FB10BD000010B50446B4
:1059B00041783820FCF7F8FA617928393920FCF76A
:1059C000F3FAA17928393A20FCF7EEFA637813F05C
:1059D000010F03D1094B00221A6010BD02F09AFAA0
:1059E000064B1B6813B9054B1860F6E7C01A64280C
:1059F000F3D90120FDF714FBEFE700BFE40B002013
:105A000010B50024042C0BDC064B33F81430834211
:105A100001D00134F6E702F07DFA034B43F824008D
:105A200010BD00BF5CA40008D00B002010B50446D8
:105A3000124B1B6883B92046FFF7B2FD2046FFF7E3
:105A4000FFFD2046FFF718FE0D4A13780133DBB245
:105A50001370092B0BD810BD02F05CFA074B1B68C2
:105A6000C01A3128E7D90120FDF7DAFAE3E7134637
:105A700000221A702046FFF73FFEECE7E80B0020FB
:105A8000C80B002010B50446FFF754FE2046FFF770
:105A9000ABFE10BD08B56422002100F031FC00EB24
:105AA000800041002E20FCF77FFA08BD10B50446A7
:105AB00001462820FCF778FA64220021204600F0F5
:105AC0001FFC4CF2503300220249C0B200F022FC0D
:105AD00010BD00BF0008004010B5044601462A2052
:105AE000FCF762FA64220021204600F009FC4CF227
:105AF000503302220249C0B200F00CFC10BD00BFBE
:105B00000008004008B5074B1B6843B1054B1868F7
:105B100003F004FA0146044803F00CFB08BD002022
:105B2000FCE700BFC8080020C0E1E44B08B5074B04
:105B30001B6843B1054B186803F0F0F901460448AF
:105B400003F0F8FA08BD0020FCE700BFC4080020FD
:105B5000C0E1E44B10B502F0DDF90446164B1B78AA
:105B600023B1154B00221A70144B1860144B1B788C
:105B700023B1134B00221A70124B1C602820FCF733
:105B8000F1F9052804DD0D4B1B68E31AC72B0AD871
:105B90002A20FCF7E7F9052804DD0A4B1B68E41A04
:105BA000C72C04D810BD0820FDF73AFAF0E7092009
:105BB000FDF736FAF6E700BFC2080020C40B00204C
:105BC000C1080020C00B002010B504460A4903F0AC
:105BD000AFFB50B90949204603F0AAFB38B9084980
:105BE000204603F0A5FB20B910BD0320FCE70220EE
:105BF000FAE70120F8E700BF0000E4410000B041EF
:105C00000000384108B5022300221146074801F080
:105C10000DFF074801F01EFB054801F0DDFA0028E2
:105C2000FAD0034801F0DCFA80B208BD000C014054
:105C30000028014010B504460223002219460748F7
:105C400001F0F4FE24B10221044801F024FF10BD4C
:105C50000221024801F021FFF9E700BF000C0140DA
:105C600038B500242C4D22462B462C4800F0B2FCBF
:105C700022462B462A4800F0ADFC22462B462948F6
:105C800000F0A8FC22462B46274800F0A3FC224641
:105C90002B46264800F09EFC22462B46244800F066
:105CA00099FC22462B46234800F094FC22462B46C2
:105CB000214800F08FFC16A3D3E900231F4800F011
:105CC00089FC22462B461E4800F084FC22462B46C7
:105CD0001C4800F07FFC22462B461B4800F07AFC53
:105CE00022462B46194800F075FC22462B461848E0
:105CF00000F070FC22462B46164800F06BFC224652
:105D00002B46154800F066FC38BD00BFAFF300809D
:105D1000333333333333D33F0000E03F680D00208B
:105D2000500D0020380D0020200D0020080D00200F
:105D3000F00C0020D80C0020C00C0020A80C002083
:105D4000900C0020780C0020600C0020480C0020F3
:105D5000300C0020180C0020000C002038B502F098
:105D6000D9F80446304B1B78012B0BD0022B17D0EF
:105D70003BB91846FFF75EFF2C4B1C602A4B0122F3
:105D80001A7038BD294B1B68C31A632BF9D901203F
:105D9000FFF750FF254B1C60234B02221A70F0E7DF
:105DA000FFF730FF214B1B68E31A1A461D4640F2ED
:105DB000DB53984201D8632A31D90020FFF73AFF1C
:105DC0001A4B1C60184B01221A70284603F0A6F8E3
:105DD000174903F0FBF8174903F0ACF9164903F033
:105DE000F5F8164903F0F2F802F028FD02460B46DA
:105DF000134800F000FC02F08BFF0546FFF7E4FEBD
:105E0000044629462220FCF7DDF821462120FCF734
:105E1000CBF8012CB5D80720FDF702F9B1E7012036
:105E2000FFF708FFADE700BFF40B0020F00B0020E8
:105E30000AD7233C00401C460024744985EB513F9F
:105E4000A80C00202DE9F04F87B0B348FCF7ECFF19
:105E5000039003F063F80746B048FCF7E5FF0490B1
:105E600003F05CF88146AE48FCF7DEFF059003F0D6
:105E700055F8834600264FF08B45DFF8A882AA4CE0
:105E80002368009333462A464146384600F01CFA00
:105E90008246A64F3B68009333462A46A4494846AB
:105EA00000F012FA81462368009333462A464146A1
:105EB000584600F009FA0546206803F04DFA0646F8
:105EC000504603F049FA3246002100F019FA03F077
:105ED00029F80646386803F03FFA0746484603F0BB
:105EE0003BFA3A46002100F00BFA03F01BF8074694
:105EF000206803F031FA0446284603F02DFA2246C2
:105F0000002100F0FDF903F00DF80446304602F0E0
:105F100095FC02460B46874800F06DFB02F0F8FE48
:105F200001461820FCF74EF8384602F087FC02467E
:105F30000B46814800F05FFB02F0EAFE01461920A3
:105F4000FCF740F8204602F079FC02460B467B48FD
:105F500000F051FB02F0DCFE01461A20FCF732F89B
:105F60007748FCF761FF042100F0C2FA0446754847
:105F7000FCF75AFF042100F0BBFA05467248FCF713
:105F800053FF042100F0B4FA80467048FCF74CFF40
:105F9000062100F0ADFA82466D48FCF745FF062168
:105FA00000F0A6FA83466B48FCF73EFF062100F09E
:105FB0009FFA8146204602F041FC02460B466648A5
:105FC00000F019FB06460F46644B186802F036FCD9
:105FD00002460B463046394602F0D0FA02F098FEEF
:105FE00001461B20FBF7EEFF284602F027FC024685
:105FF0000B465B4800F0FFFA06460F46594B1868FF
:1060000002F01CFC02460B463046394602F0B6FA56
:1060100002F07EFE01461C20FBF7D4FF404602F052
:106020000DFC02460B46504800F0E5FA06460F46C6
:106030004E4B186802F002FC02460B4630463946C9
:1060400002F09CFA02F064FE01461D20FBF7BAFF45
:10605000474B1B7853B3474B1B78002B41D0484626
:1060600002F0ECFB02460B46434800F0C4FA02F093
:106070004FFE01462020FBF7A5FF039A052A40F2B8
:10608000858040F6F9739A4200F2CB80049A052A83
:1060900040F2C9809A4200F2C880059A052A40F26F
:1060A000C6809A4200F2C580002670E0504602F099
:1060B000C5FB02460B46314800F09DFA06460F46E6
:1060C0002F4B186802F0BAFB02460B4630463946A1
:1060D00002F054FA02F01CFE01461E20FBF772FF8C
:1060E000B9E7584602F0AAFB02460B46254800F0E5
:1060F00082FA06460F46244B186802F09FFB0246C0
:106100000B463046394602F039FA02F001FE0146EC
:106110001F20FBF757FFA2E7340A0020500A002097
:106120004C0A002000801344980800209C0800209E
:106130000000B943680D0020500D0020380D0020EC
:10614000400A00203C0A0020380A0020440A0020AF
:106150002C0A0020480A0020200D0020940800206E
:10616000080D002090080020F00C00208C08002072
:10617000820D0020810D0020300C0020D80C002062
:10618000FC0B0020C00C0020F80B00200126464923
:10619000204603F0C3F800284DD14449204603F0BF
:1061A000C7F800285DD14049284603F0B7F8002819
:1061B00059D13E49284603F0BBF8002855D13A4949
:1061C000404603F0ABF8002851D13849404603F06F
:1061D000AFF800284DD13649504603F09FF800280B
:1061E00049D13449504603F0A3F8002845D130493D
:1061F000584603F093F8002841D12E49584603F041
:1062000097F800283DD12A49484603F087F800282E
:1062100039D12849484603F08BF8002835D1044687
:106220000AE00126B3E70126B1E70126AFE7012620
:10623000ADE70126ABE701244EB31F4B1B880133AA
:106240009BB21D4A1380132B23D834B31B4B1B88DE
:1062500001339BB2194A1380132B20D807B0BDE835
:10626000F08F0124E8E70124E6E70124E4E70124B4
:10627000E2E70124E0E70124DEE70124DCE7012472
:10628000DAE70124D8E70124D6E70124D4E733462E
:10629000D7E70520FCF7C4FED7E72346DAE7062058
:1062A000FCF7BEFEDAE700BF0000F0C10000DC42F0
:1062B000000020C20000F042EE0B0020EC0B00209A
:1062C00008B5FFF7CDFC08BDF8B50F4616461C46CD
:1062D00002F072FD05462146069802F06DFD01466A
:1062E000284602F073FE05463946304602F064FD4A
:1062F0000146284602F01EFF214602F05FFDF8BD70
:10630000904202DC884202DB704710467047084624
:106310007047000038B58446084611461A46BCF15D
:10632000640F01D94FF0640C541CACFB04C4CCF3D3
:10633000130E4FEA1C5343EA0433C3F313039E4482
:10634000C4F313239E440EEB147E114BA3FB0E5398
:10635000DB0803EB830303EB8303AEEB030EBCEB21
:106360000E0C64F10004DFF82CE00B4B03FB0CF384
:106370000EFB0433ACFB0ECE73444FEA9C0C4CEA8C
:10638000837C624500D3624601F07BFF38BD00BFCD
:106390001F85EB51295C8FC2F5285C8F10B5044630
:1063A00001F0B8FD1D4B186021782320FBF7FCFDA0
:1063B00061782420FBF7F8FDA1782520FBF7F4FD98
:1063C000E1782620FBF7F0FD2079431EDBB2FD2BA0
:1063D00094BF01220022124B1A700AD96079431E21
:1063E000DBB2FD2B94BF012200220E4B1A700AD99A
:1063F00010BD02F093FD0C4902F0DEFC01461E20A8
:10640000FBF7E0FDEAE702F089FD074902F0D4FC62
:1064100001461F20FBF7D6FDEAE700BF840D0020F0
:10642000820D0020810D002000002042F0B583B0D5
:1064300007460026009601963B20FBF793FD00F0EF
:1064400003053220FBF78EFD04460D20FBF78AFD85
:10645000A30003F03C032B4343EA80138DF8003084
:10646000344601E00134E4B20F2C12D82046FCF788
:10647000FDFD05462046FCF70BFE0028F2D0002D5E
:10648000F0D0102DEED8013D0123AB4033439EB236
:10649000E8E78DF80160360A8DF802601020FBF7FE
:1064A00061FD8DF803003020FBF75CFD00F1320345
:1064B0000D4880FB0320DB17FF220021C3EB601097
:1064C000FFF71EFF8DF80400084A1378591C11705D
:1064D0008DF805303B685C6806236A4640F2E1614E
:1064E0003846A04703B0F0BD1F85EB51800D00205A
:1064F00006296AD82DE9F0470C46002398461D4628
:1065000039E087424ADB4DE0012E27D0C01B02F064
:1065100009FD8146012E26D04346D81B02F002FD1C
:106520008246670004EB4403DFF8A48008EB830392
:106530001E79304602F0F6FC494602F047FD51460E
:1065400002F0F8FD8146274438F9270005FB0600D4
:1065500002F0E8FC494602F02FFC34E0381A02F061
:10656000E1FC8146D6E74346F81A02F0DBFC82469E
:10657000D7E70135B84604EB4402154B03EB820321
:106580005B79AB4218D904EB4402114B03EB820355
:106590009A6832F815709E79012EB2D0002EE8D19B
:1065A0008742E6DC002DAFD104EB4404084B33F9FD
:1065B000240002F0B7FC06E0054B03EB8203B3F9BD
:1065C000020002F0AFFCBDE8F0870020704700BF7A
:1065D00070A400084DF804BD93469C460022002399
:1065E000C0E90023C0E9022300230374C0E902BC10
:1065F0005DF804BB70472DE9F0410446104619468A
:10660000237CCBB1D4E90278D4E900562A4633463C
:1066100001F0B4FF02460B463846414602F066F9E7
:1066200002460B462846314601F0AAFFC4E90001A4
:10663000D4E90001BDE8F081C4E90001012323741D
:10664000F6E770B516461C465A2B02D84F2C1AD9BD
:1066500070BD0720FBF786FC05461C20FBF782FC7B
:10666000281A02F05FFC4FF0804102F06BFE002818
:10667000ECD03378053BDAB213F0800F01D03270E2
:10668000E6E78022FBE70220FBF76CFC04461E20B5
:10669000FBF768FC201A02F045FC4FF0804102F045
:1066A00051FE0028D4D0337805333370D0E770B56D
:1066B0000E4614465A2A02D84F2C19D970BD1B20F9
:1066C000FBF750FC05460620FBF74CFC281A02F0AD
:1066D00029FC4FF0804102F035FE0028ECD03378E1
:1066E000053BDBB2272B01D93370E7E72823FBE713
:1066F0001E20FBF737FC04460320FBF733FC201A6F
:1067000002F010FC4FF0804102F01CFE0028D5D0B2
:10671000337805333370D1E738B52120FBF722FCFD
:1067200001283EDD244B1B784BB1234B00221A700D
:10673000224B1A68224B53F82220224B1A60224B1C
:106740001A68224B53F82200FEF7EAFD1B4D2B6816
:106750001F4CE05CFFF7C0F92B68E05CFFF7A6F97F
:10676000184A1368643B1360D3B92B6801332B605C
:10677000032B0EDD00222A6013490A680132154BF3
:1067800083FB0203A3EBE27303EB4303A2EB43039C
:106790000B600A4B1A680A4B53F82220094B1A6007
:1067A00038BD0020FFF798F90020FFF77FF9024B72
:1067B00001221A70F4E700BF890D0020900D00201F
:1067C000FCA600088C0D0020940D002010A70008E6
:1067D0000CA70008ABAAAA2A70B5044600230360E0
:1067E000C0F803302420FBF7D3FB20702520FBF7F3
:1067F000CFFB60702320FBF7CBFBA0701E20FBF7C4
:10680000B1FB05460220FBF7ADFBA8423DDD414B45
:1068100001221A703F4B1B78E3700320FBF7A2FBA9
:10682000A84248DA3C4B01221A703B4B1B7823717B
:106830001F20FBF797FB05460520FBF793FBA842BB
:106840004FDA364B01221A70344B1B7863710022E9
:10685000A271A27802B10122217901B102210A4379
:1068600003B104231343227802B108221A43637848
:1068700003B110231343E278002A48D020211943A2
:106880001020FBF791FB204670BD284602F04AFB22
:1068900006460220FBF766FB02F044FB204902F0AB
:1068A0008DFA0146304602F04DFD0028B2D0194B5A
:1068B00000221A70AEE7284602F034FB054603209A
:1068C000FBF750FB02F02EFB154902F075FA01466A
:1068D000284602F019FD0028A7D00F4B00221A709D
:1068E000A3E7284602F01EFB05460520FBF73AFB0E
:1068F00002F018FB0A4902F05FFA0146284602F04E
:1069000003FD0028A0D0054B00221A709CE7114619
:10691000B5E700BF9A0D0020990D0020980D0020CA
:106920000000A040F8B507460C4615462020FBF7AE
:1069300019FB02F0F7FA06461E20FBF713FB02F0E4
:10694000F1FA8446FA7882F0010201232360227171
:10695000A0604FF0000EC4F80CE023746661084A92
:10696000183407CA84E807003A795A402B602A7124
:10697000C5F808C0C5F80CE02B746E61F8BD00BF07
:1069800028A700082DE9F04782460D460024184B41
:106990009946264605E0174902F00EFA024614E031
:1069A0000134022C1BDC04EB44039F0005EB830342
:1069B0001A79002AF4D09968504602F0FDF902468F
:1069C000EF590D4B1B689F42E5D090461146484653
:1069D00002F0B8FC0028E3D0C1463E46E0E7064B93
:1069E0001E6031460F20FBF7DFFA3046BDE8F08726
:1069F000FFFF7F7F0000A040A40800202DE9F047A2
:106A000082460D4600246FF400039946264605E0B1
:106A1000164902F0D3F9024614E00134012C1BDCC4
:106A200004EB44039F0005EB83031A79002AF4D09A
:106A30009968504602F0C0F90246EF590C4B1B68AA
:106A40009F42E5D090461146484602F05DFC002882
:106A5000E3D0C1463E46E0E7054B1E6031460E20BE
:106A6000FBF7A2FA3046BDE8F08700BF0000A04067
:106A7000A00800202DE9F04106460D46904B1B78FA
:106A800073B98F4B01221A700146284602F094F91F
:106A90008C4B18608C4B8D4A1A608D4B8D4A1A6056
:106AA0001920FBF767FA04461A20FBF763FA07463A
:106AB0008949204602F046FC90B94FF07E51384695
:106AC00002F022FC80B98449204602F03BFC90B9D8
:106AD0004FF07E51384602F017FC48B980460CE072
:106AE0000320FCF79DFAE8E70420FCF799FAEAE7AF
:106AF0000123984601E0012398463146284602F0DA
:106B00005BF904466F4D296802F056F94FF0814158
:106B100002F05CFA06467149204602F057FA7049C5
:106B200002F054FA0146304602F048F9074600F1F7
:106B300000462C606B4902F0E7FB38B94FF0814109
:106B4000384602F0FFFB18B1664E01E04FF0814677
:106B50005D4D2968304602F031F92860624902F043
:106B6000D3FB08B1604A2A606049574B186802F0AD
:106B7000E9FB10B1544B5D4A1A60434613B3544BC2
:106B800000221A605A4C5B4B1E682146304602F0C8
:106B900015F907464E4B1D68294602F0B5FB002843
:106BA00000F0B280534B1F60524B186802F0FAFBA2
:106BB000C0B2FEF76FFF444B186802F0F3FBC0B29F
:106BC000BDE8F0814FF08041204602F0BBFB38B9B0
:106BD0004FF04041204602F097FB08B90123984648
:106BE000394B1D684FF08041204602F0ABFB002876
:106BF00038D04149284602F091FB002832D0344E6B
:106C00004FF07C51306802F0D9F830602F49304B9A
:106C1000186802F097FB10B12D4B2C4A1A603749C7
:106C20002B4B186802F070FB10B1294B00221A6040
:106C30004FF08041204602F085FB002836D02E49D7
:106C4000284602F06BFB002833D02C49204B1868F3
:106C500002F05AFB00282FD01D4B284A1A604FF033
:106C6000804490E74FF04041204602F04DFB60B178
:106C70002349284602F05CFB38B1154E4FF07C5199
:106C8000306802F099F83060C0E74346002BBDD071
:106C90001C49284602F056FB0028B7D00C4E4FF096
:106CA0007C51306802F088F83060AFE74FF08044E4
:106CB00069E74FF0804466E74FF0804463E700BF28
:106CC0009B0D0020A40D0020A80800200000C84251
:106CD0009C0D0020000082420000F041CDCC4C3FD2
:106CE000CDCCCC3D000080C00000204200007F439E
:106CF0000000A040A00D00200000484200007041AC
:106D000000007A43000070422146304602F054F8F9
:106D100004460146284602F0F7FA10B1024B1C6007
:106D200042E7014B1D603FE7A00D002070B592B017
:106D30000A20FBF717F9012800F08B80A24B1B7883
:106D4000002B40F0AD8010A8FFF746FD01AA07A96F
:106D500010A8FFF7E7FD0720FBF704F902F0E2F8BF
:106D600007A9FFF70FFE05460620FBF7FBF802F028
:106D7000D9F801A9FFF742FE06462120FBF7F2F8F9
:106D800004462E20FBF7EEF864221421FFF7B8FA30
:106D900004B10446E3B21C461846FEF79DFE2046A9
:106DA000FEF784FE9DF8403023B99DF84130002B5A
:106DB00000F085804FF6FF7304224FF0804164207D
:106DC000FFF7A8FA16B1002D40F082804FF6FF734E
:106DD00006224FF080412046FFF79CFA9DF845308F
:106DE0001BB19DF84330002B7BD09DF842300BB196
:106DF000002E76D09DF8402012B99DF8411009B1BF
:106E0000012D6ED02AB99DF8411011B99DF843109B
:106E100011B1002D00F0CE8013B1012E00F0CA8018
:106E20002AB99DF8412012B99DF8432012B1022DD4
:106E300000F0C4801BB99DF84430002B54D09DF85D
:106E40004330002B50D1002E4ED10520FEF768FABA
:106E50004AE05D4B1B78CBB95B4B01221A700023D3
:106E60005A4A13605A4A13605A4A43F698211160ED
:106E7000594A1370002259490A6059490A60594910
:106E80000A60594A59491160594A13700020FEF7A7
:106E900001FE03213B20FBF787F8FFF73DFC87E06D
:106EA000494B4FF000021A7000213B20FBF77CF8A1
:106EB0000020FEF711FE0020FEF7F8FD78E04FF607
:106EC000FF7304224FF080410020FFF723FA79E797
:106ED0004FF6FF7306224FF080410020FFF71AFAA9
:106EE0007CE70220FEF71CFA9DF8403053B99DF86C
:106EF00041303BB99DF84330002B7BD09DF84230A8
:106F0000002B77D101210D20FBF74EF80720FBF76E
:106F100029F802F007F804461C20FBF723F802F0DA
:106F200001F801462046FFF7A5FD04462C4B1868E2
:106F300002F038FAC3B29DF8402002B1FF228DF86A
:106F400001209DF8412002B1FF228DF802209DF81A
:106F5000432002B1FF228DF803200DF103020DF151
:106F600002010DF10100FFF76CFBFEF7CBF99DF874
:106F700003100420FEF726F99DF802100620FEF704
:106F800021F99DF801100520FEF71CF9022D19D0FA
:106F900021460120FEF716F900210220FEF712F922
:106FA000022D01D000231C4621460320FEF70AF9DA
:106FB00012B070BD0320FEF7B3F995E70420FEF789
:106FC000AFF991E70021E4E7880D0020940D00203F
:106FD000900D00208C0D0020890D0020A40D0020B4
:106FE000A00D00209C0D0020A808002000007F4379
:106FF0009B0D00209DF8423033B99DF844301BB9F9
:107000009DF84530002B4AD002210D20FAF7CCFF25
:107010000620FAF7A7FF01F085FF04461B20FAF7C8
:10702000A1FF01F07FFF01462046FFF723FD044644
:10703000324B186802F0B6F9C2B29DF8423003B183
:1070400023468DF802309DF844301BB99DF8453039
:1070500003B91C468DF803400DF103010DF1020048
:10706000FFF725FBFEF740F900210420FEF7AAF800
:1070700000210620FEF7A6F800210520FEF7A2F861
:107080009DF803100120FEF79DF89DF802100220E4
:10709000FEF798F800210320FEF794F888E71946D8
:1070A0000D20FAF781FFFEF71FF9FF210420FEF7FC
:1070B00089F8FF210620FEF785F8FF210520FEF75D
:1070C00081F8FF210120FEF77DF8FF210220FEF765
:1070D00079F8FF210320FEF775F80020FEF7DAFCAF
:1070E0000023074A1360054A1360064A1360064BE3
:1070F000064A1A60064B00221A7059E7A00D0020BC
:10710000A40D00209C0D0020A808002000007F4353
:107110009B0D00208368DB075EBF836843F001039B
:1071200083607047034AD2F8083443F40003C2F87E
:107130000834704700200140836823F460230B4328
:107140008360836843F4801383607047836800F131
:10715000080243F00803836013681B07FCD47047E0
:10716000836843F00403836070478068C0F3800045
:10717000704708B50246FFF7F3FF1046FFF7F5FF2B
:107180000028FAD108BD0022134610B501FA02F416
:1071900003321E2A43EA0403F8D10022036101FAF4
:1071A00002F40332182A43EA0403F8D1C36010BD85
:1071B000836823F0010383607047436843F480735E
:1071C00043607047436823F480734360704783686B
:1071D00023F40063836070470068C0F34000704789
:1071E000C06C7047836843F0020383607047836814
:1071F00023F00203836070471029F0B510D80023F4
:107200004FF0010E1F469C461D465FFA8EF6B142B6
:1072100007D2013945EA0155C562C0F830C047635D
:10722000F0BDBEF1060F147806D89C4027430EF13E
:10723000010E01320533E8E7073E052E95BFA3F1A5
:107240001E06A3F13C06B440B44094BF4CEA040CC3
:107250002543ECE7836800F1080243F48003836070
:1072600013685B02FCD47047836843F480738360C7
:1072700070470000044B98420CBF40F2192040F2C6
:107280001A2000F0D2BD00BF006400402DE9F34198
:1072900004689DF8208024F00204046004689DF8CE
:1072A00024E044F0010404604FF6FF749DF828C008
:1072B0009DF83C609DF840700194019C051D013CC7
:1072C000019414B14468E407F7D54468E40770D525
:1072D0000024C461002951D0016841F0800101609F
:1072E000002A4FD0026842F040020260002B4DD0CD
:1072F000036843F0200303600368B8F1000F49D02E
:1073000043F0100303600368BEF1000F45D043F063
:10731000080303600368BCF1000F41D043F004038D
:107320000360C369002F3ED043F00043C361C369CB
:10733000002E3BD043F08043C3610E9B0D99013B6F
:10734000C3F309030B430C99C2690B430B990B431D
:107350001343C361036823F0010303604FF6FF7317
:107360000193019B013B019313B12B68DB07F8D418
:10737000406800F0010002B0BDE8F081016821F032
:107380008001ACE7026822F04002AEE7036823F018
:107390002003B0E723F01003B4E723F00803B8E7B5
:1073A00023F00403BCE723F00043BFE723F080434E
:1073B000C2E70120DFE70000F0B50125234C9DF86E
:1073C0001C70D4F80066854046F00106C4F80066DB
:1073D000D4F81C6626EA0506C4F81C6639B3D4F84E
:1073E0000C162943C4F80C1632B3D4F804262A43E9
:1073F00000F1006000F6C840C4F80426C000036035
:10740000069A059B4360114BDAB1D3F814262A4340
:10741000C3F8142627B1D3F81C262A43C3F81C2628
:10742000D3F8002622F00102C3F80026F0BDD4F8FC
:107430000C1621EA0501D5E7D4F8042622EA050254
:10744000D6E7D3F8142622EA0502E1E700600040FF
:1074500030B4BDF808409DF8105043EA044302934D
:1074600041EA024300220495114630BCFFF7A4BF55
:1074700030B4BDF808409DF8105044EA0344049528
:1074800042EA01430294012230BC0021FFF794BF7D
:107490001FB5009201229DF81840CDE901340B463A
:1074A0001146FFF789FF04B010BD43690B434361E8
:1074B0007047436923EA0103436170472DE9F041B6
:1074C000064680689DF818804701079D26D4B0685D
:1074D000040127D4B068C00050D54FF4D077022003
:1074E000BC191AB3C90041F00401B9511BB123689A
:1074F00043F002032360636823F00F036360626854
:1075000008F00F031343636008F1FF33072B2BD8F8
:10751000DFE803F02724211C1916130E4FF4C0775F
:107520000020DDE74FF4C8770120D9E74905DCE703
:107530004FF0000CEB7963F31F6CAB7963F3174CDE
:107540006B7963F30F2C2B7963F3070C4FF0000E6C
:10755000EB7863F31F6EAB7863F3174E6B7863F3CE
:107560000F2E2B7863F3070EC4F808E0C4F80CC0A4
:10757000236843F001032360BDE8F0814FF0FF3042
:10758000FAE721B9C36843F02003C3607047036979
:1075900043F020030361704719B9C06800F003008D
:1075A00070470069FAE72DE9F341DDF820800446D1
:1075B000DDE90C57FFF7F0FF4FF4D87C06464FF497
:1075C000E070CDE900C002A800EB810050F808ECA3
:1075D00054F80E0004EB0E0C10F0040015BF01204F
:1075E00088F8000088F8000054F80E0016BF54F820
:1075F0000E00400DC008186054F80E00099BC0F33F
:1076000040001870DCF804000A9B000A1870DCF8CF
:1076100004000B9B00F00F0018701FB1DCF8043061
:107620001B0C3B80DCF80800DCF80C30C0F30727AB
:1076300028706F70C0F30747C0F30760E870C3F3AA
:1076400007202B716871C3F30740C3F30763AF7062
:10765000A871EB7112B12046FFF793FF304602B0DC
:10766000BDE8F081024A936843F0010393607047DC
:1076700000300240014B186018687047003002402B
:10768000002310B5044A8B4201DB106810BD50F88E
:10769000234001331460F6E700300240014BB3F899
:1076A000E007704700F0FF1F14230022013903FB9D
:1076B00001039A60DA601A615A610F2342688900F7
:1076C0008B40134343607047013989008A40426010
:1076D00070470139036889008A401A4214BF0120AB
:1076E0000020704714230139594308300B5823F404
:1076F00040630B500B5813430B5070471423013950
:10770000594308300B5823F440730B500B58134364
:107710000B50704714230139594308300B5843F07C
:1077200080030B50704714230139594308300B581C
:1077300043F020030B500B5823F480430B50704749
:1077400014230139594308300B5843F010030B50F0
:10775000704714230139594308300B5843F0010393
:107760000B50704714230139594308300B5823F04C
:1077700001030B5070471423013903FB0100836898
:10778000DB0758BF026170471423013903FB010076
:107790008368DB0758BF426170471423013959439E
:1077A0000C30085880B270471423013959430C300B
:1077B0000A50704701290FD0022918D059B90E4B31
:1077C000D3F808240243C3F80824D3F80C2422EA8F
:1077D0000002C3F80C247047074BD3F8082422EAB0
:1077E0000002C3F80824D3F80C240243F1E7024B4B
:1077F000D3F808240243F4E700000140054BD3F816
:1078000000240243C3F80024D3F804240243C3F83D
:107810000424704700000140014BC3F81404704772
:1078200000000140024BD3F814341840704700BFE9
:10783000000001402DE9F04F00224FF0010C0F270E
:10784000DFF874E0DFF87480DFF87490DFF874A07C
:107850000CFA02F303421AD01B4B994224D01BD8D6
:10786000414523D0494523D0A1EB0A04634263413B
:10787000164C02F0030604EB9205AD002C68B6002E
:1078800007FA06FB24EA0B04B3401C432C600132C8
:10789000102ADDD1BDE8F08F0D4B99420AD0714519
:1078A0000CBF06230023E3E70423E1E70223DFE71D
:1078B0000323DDE70523DBE7002001400010014042
:1078C00000140140000C014000180140024000106B
:1078D000001C014038B5064DEC68FFF7DFFEB0F53F
:1078E000007F84BFEB6C1C4304F0350038BD00BF43
:1078F0000020024038B504460D4600F085F8FFF739
:10790000CDFEB0F5007F124B17D9124A944214D91C
:107910001A6D42F001021A65258000F075F8FFF734
:10792000BDFEB0F5007F0A4B0CD90A4A944209D932
:107930001A6D22F001021A6538BD1A6942F001027F
:107940001A61E9E71A6922F001021A61F4E700BF3F
:1079500000200240FFFF070810B5044600F054F86D
:10796000FFF79CFEB0F5007F164B1BD9164A9442D8
:1079700018D91A6D42F002021A655C651A6D42F060
:1079800040021A6500F040F8FFF788FEB0F5007F6E
:107990000C4B11D90C4A94420ED91A6D22F00202F6
:1079A0001A6510BD1A6942F002021A615C611A6917
:1079B00042F040021A61E5E71A6922F002021A61F8
:1079C000EFE700BF00200240FFFF0708034A1368EB
:1079D00023F0070303431360704700BF00200240F9
:1079E000034B044A5A6002F188325A60704700BF64
:1079F0000020024023016745024A136943F08003D7
:107A0000136170470020024008B5FFF763FFC3070A
:107A1000FBD408BD38B505460C4689B2FFF76AFFAE
:107A2000210CA81CBDE83840FFF764BF2DE9F043E6
:107A300000264FF00F0E98460368476848FA06F490
:107A400014F0010F06F1010C1DD0072E93BF9946CB
:107A5000B946A6F10804B4008ABFA400A4B2A4B237
:107A60000EFA04F529EA0509A51C02FA05F501FA42
:107A700004F42C43072E44EA090405D8234666463D
:107A80003C462746DAE73C466646102EF9D10360AD
:107A90004460BDE8F08301617047090401617047EB
:107AA000806808407047C36801EA030221EA0301C5
:107AB00041EA0241016170474AF6AA22014B1A606D
:107AC000704700BF00300040062824D8DFE800F0EF
:107AD00004090E13181D2000104B1868C0F34060F5
:107AE00070470E4B1868C0F3C06070470B4B1868A6
:107AF000C0F340707047094B1868C0F340407047AE
:107B0000064B1868C0F340007047044B186AF9E749
:107B1000024B586AF6E70020704700BF0010024091
:107B2000024608B51046FFF7CFFF0028FAD008BD7F
:107B300006282AD8DFE800F0040A0F14191E2400D2
:107B4000124A136843F08073136070470F4A13683A
:107B500043F08063F8E70D4A136843F08053F3E77E
:107B60000A4A136843F48033EEE7084A136843F087
:107B70000103E9E7054A136A43F001031362704702
:107B8000024A536A43F001035362704700100240F7
:107B9000034A536823F0030303435360704700BF55
:107BA00000100240034A536823F4701343EA8043F1
:107BB0005360704700100240034AD36A23F4706395
:107BC00043EA0023D362704700100240034AD36A9D
:107BD00023F4704343EA0033D3627047001002403D
:107BE000034A536823F4803343EA004353607047E9
:107BF00000100240034A536823F4003343EA404331
:107C00005360704700100240024B186A00F40040B5
:107C1000704700BF00100240024A136A43F4004359
:107C2000136270470010024006283BD8DFE800F0DE
:107C300035353525350415001B4B1A6A42F0010213
:107C40001A621A6A9007FCD51A6A22F440721A6204
:107C50001A6A42F480721A627047134B5A6A42F0F1
:107C600001025A625A6A9107FCD51A6A22F44072DC
:107C70001A621A6A42F40072EDE70B4B1A6842F47A
:107C800080321A601A689203FCD51A6A22F4407294
:107C90001A621A6A42F44072DDE7034A136A23F457
:107CA00040731362704700BF00100240034A5368DC
:107CB00023F4404343EA803353607047001002408E
:107CC000034A536823F4605343EAC0235360704768
:107CD00000100240034A536823F4E06343EA0023A0
:107CE0005360704700100240034A536823F0F003CA
:107CF00043EA00135360704700100240044B5A6877
:107D000018B142F480025A60704722F48002FAE708
:107D100000100240034AD36A23F00F030343D362E7
:107D2000704700BF00100240034AD36A23F0F003FB
:107D300043EA0013D362704700100240044BDA6A32
:107D400018B142F48032DA62704722F48032FAE7E6
:107D50000010024010B504464378012B0CBF0320ED
:107D60000420FFF7E5FEFFF7DBFEA078FFF7BCFF7E
:107D7000E078FFF7AFFF2079FFF7A2FF6079FFF708
:107D800095FF207BFFF7BAFFA079FFF71FFE207851
:107D9000FFF708FF6078FFF723FFE07901282DD96E
:107DA000FFF7B8FF207A08B1FFF7C8FF607A08B183
:107DB000FFF7BAFFA07A30B1FFF7FEFE0120FFF710
:107DC000B7FEFFF7ADFEE07A30B1FFF7FFFE02200D
:107DD000FFF7AEFEFFF7A4FE0020FFF7A9FEFFF7B6
:107DE0009FFE0220FFF7D4FE2269064B1A606269EB
:107DF000054B1A60A269054B1A6010BDFFF7FAFE29
:107E0000D0E700BFAC080020B4080020B008002074
:107E10000122430903F1804303F50433196800F09C
:107E20001F0082400A431A6070470122430903F190
:107E3000804303F50433196800F01F0082401143AA
:107E40001960196821EA02021A607047054BD3F8DD
:107E500004289206FBD5D3F8042842F01002C3F898
:107E60000428704700200040054BD3F8042822F076
:107E70001002C3F80428D3F804289206FBD57047F3
:107E80000020004038B5044600254FF46770FFF726
:107E9000BFFF40F29B30FFF7BBFF00F063FB2046C3
:107EA000124CFFF7C1FEC4F80058C4F80458FFF79D
:107EB000B3FEFFF7CBFF4FF6FF73C4F80858C4F8C2
:107EC0000C58C4F81858C4F81C58C4F82038C4F822
:107ED0002438FFF7C9FFD4F8043823F00803C4F8A6
:107EE0000438D4F804381B07FBD538BD0020004007
:107EF00008B5FFF7ABFF064B82B2C0F30340C3F8EF
:107F00000C28C3F80808BDE80840FFF7ADBF00BF64
:107F100000200040034BD3F81808D3F81C3843EA7C
:107F2000004070470020004008B5FFF78FFF054B69
:107F3000020C80B2C3F81828C3F81C08BDE808403A
:107F4000FFF792BF0020004008B54FF46770FFF7BD
:107F50005FFF40F29B30FFF75BFF00F003FB084B35
:107F6000D3F8042822F00802C3F80428D3F8042820
:107F70001107FBD5D3F804289206FBD508BD00BF36
:107F80000020004038B505464FF467700C46FFF7F7
:107F90003FFF40F29B30FFF73BFFFFF735FE18B184
:107FA000BDE83840FFF7D0BF2846FFF76BFF2046FB
:107FB000BDE83840FFF79CBF022389008B401AB10F
:107FC000026A134303627047026A22EA0303F9E775
:107FD000C3680B43C360704703690B4214BF0120A1
:107FE00000207047C94301617047036843F0800374
:107FF00003607047036801F0600123F060030360D1
:108000000368194301607047036823F0100303609D
:108010007047036843F0010303607047036823F06F
:1080200001030360704781627047C162704706298F
:108030007AD8DFE801F004793379637992008369B3
:1080400023F00303836183698361836923F07003F1
:108050008361072A68D8DFE802F03304090D11159F
:10806000191D836943F0100383617047836943F0EE
:108070002003F9E7836943F03003F5E7836943F0B0
:108080004003F1E7836943F05003EDE7836943F070
:108090006003E9E7836943F07003E5E7836923F44C
:1080A0004073836183698361836923F4E04383615F
:1080B000072A39D8DFE802F004060A0E12161A1E43
:1080C0008369D1E7836943F48053CDE7836943F43F
:1080D0000053C9E7836943F44053C5E7836943F418
:1080E0008043C1E7836943F4A043BDE7836943F458
:1080F000C043B9E7836943F4E043B5E7C36923F0BC
:108100000303C361C369C361C36923F07003C3611F
:10811000072A09D8DFE802F03304090D1115191DEB
:10812000C36943F01003C3617047C36943F0200380
:10813000F9E7C36943F03003F5E7C36943F040034F
:10814000F1E7C36943F05003EDE7C36943F060030F
:10815000E9E7C36943F07003E5E7C36923F44073BB
:10816000C361C369C361C36923F4E043C361072AE0
:10817000DAD8DFE802F004060A0E12161A1EC369E6
:10818000D1E7C36943F48053CDE7C36943F4005397
:10819000C9E7C36943F44053C5E7C36943F4804367
:1081A000C1E7C36943F4A043BDE7C36943F4C043D7
:1081B000B9E7C36943F4E043B5E7062912D8DFE81D
:1081C00001F0041109110D111200836943F0080335
:1081D00083617047836943F40063F9E7C36943F03F
:1081E0000803C3617047C36943F40063F9E70629D4
:1081F00009D8DFE801F0041509190D1D1100036A03
:1082000023F0020303627047036A23F02003F9E7B7
:10821000036A23F40073F5E7036A23F40053F1E7DC
:10822000036A23F00803EDE7036A23F08003E9E71C
:10823000036A23F40063E5E7062909D8DFE801F0C3
:10824000041509190D1D1100036A43F001030362AF
:108250007047036A43F01003F9E7036A43F480733D
:10826000F5E7036A43F48053F1E7036A43F004033C
:10827000EDE7036A43F04003E9E7036A43F48063F0
:10828000E5E706290CD8DFE801F0040B060B080B24
:108290000A004263704782637047C263704702649A
:1082A000704743690B4343617047406A7047022936
:1082B00006D0032906D0012914BF406B806B70479C
:1082C000C06B7047006C70474162704703291CD82F
:1082D000DFE801F0020B131C836923F0F0038361D4
:1082E000836943EA021383617047836923F470430F
:1082F0008361836943EA0233F5E7C36923F0F0033E
:10830000C361C36943EA0213C3617047C36923F4BD
:108310007043C361C36943EA0233F5E701F0FD032B
:10832000012B10B502F0030205D1541E82F00303A5
:10833000012C98BF1A4603290AD8DFE801F0020A87
:10834000121A836923F003038361836913438361F2
:1083500010BD836923F440738361836943EA022378
:10836000F5E7C36923F00303C361C3691343C36122
:10837000EEE7C36923F44073C361C36943EA022390
:10838000F5E70123026A89008B40134303627047BB
:10839000054B984214BF054B054B1B6803EB51037B
:1083A000B3FBF1F38360704700380140B40800204C
:1083B000B0080020C36808290CBF23F4805343F49D
:1083C0008053C3607047036923F440530B43036138
:1083D0007047C36823F4C0630B43C3607047C3682E
:1083E00023F00C030B43C3607047436923F44073CD
:1083F0000B4343617047C36843F40053C360704745
:1084000038B504460D4600F018F829462046BDE868
:10841000384000F00AB8436943F0400343617047B5
:10842000436943F0800343617047C1F30801416031
:1084300070474068C0F30800704703681B06FCD50E
:10844000704703680B4214BF012000207047FEE70D
:108450007047000038B5DFF8C0D0234A234B2449C9
:108460008A4229D31346002022498B4229D3224B2A
:10847000D01E9B1A23F00303814238BF00234FF024
:10848000A53113441D4A93421ED34FF0E022D2F887
:10849000143D1B4C43F400731A4DC2F8143DAC421A
:1084A00015D3194C194DAC4215D3F9F743F8184CB4
:1084B000184DAC4213D338BD53F8040B42F8040BEB
:1084C000CEE743F8040BD0E743F8041BDBE754F88E
:1084D000043B9847E3E754F8043B9847E3E754F834
:1084E000043B9847E5E700BF00000020D0A7000844
:1084F000B8080020A80D0020AB0D0020005000207F
:10850000C0A70008C0A70008C0A70008D0A700089F
:10851000D0A70008D0A70008005000204FF0E023AB
:10852000014AC3F80C2DFEE70400FA0501224309B5
:108530009B0003F1604300F01F0003F5614382409C
:108540001A607047432893BF00F16040044B00F06D
:108550000F0000F564408CBFC1540170704700BF2C
:1085600014ED00E0024A136843F48073136070470F
:108570000070004081F0004102E000BF83F0004342
:1085800030B54FEA41044FEA430594EA050F08BFAE
:1085900090EA020F1FBF54EA000C55EA020C7FEA72
:1085A000645C7FEA655C00F0E2804FEA5454D4EBEF
:1085B0005555B8BF6D420CDD2C4480EA020281EAB9
:1085C000030382EA000083EA010180EA020281EAF1
:1085D0000303362D88BF30BD11F0004F4FEA013143
:1085E0004FF4801C4CEA113102D0404261EB410152
:1085F00013F0004F4FEA03334CEA133302D05242D8
:1086000063EB430394EA050F00F0A780A4F1010493
:10861000D5F1200E0DDB02FA0EFC22FA05F28018CD
:1086200041F1000103FA0EF2801843FA05F35941B3
:108630000EE0A5F120050EF1200E012A03FA0EFC32
:1086400028BF4CF0020C43FA05F3C01851EBE3715C
:1086500001F0004507D54FF0000EDCF1000C7EEB79
:1086600000006EEB0101B1F5801F1BD3B1F5001FB7
:108670000CD349085FEA30004FEA3C0C04F10104D6
:108680004FEA445212F5800F80F09A80BCF1004FFF
:1086900008BF5FEA500C50F1000041EB045141EA81
:1086A000050130BD5FEA4C0C404141EB0101013C4A
:1086B00028BFB1F5801FE9D291F0000F04BF014639
:1086C0000020B1FA81F308BF2033A3F10B03B3F10B
:1086D00020020CDA0C3208DD02F1140CC2F10C029B
:1086E00001FA0CF021FA02F10CE002F11402D8BFF9
:1086F000C2F1200C01FA02F120FA0CFCDCBF41EAC5
:108700000C019040E41AA2BF01EB0451294330BD93
:108710006FEA04041F3C1CDA0C340EDC04F1140470
:10872000C4F1200220FA04F001FA02F340EA030047
:1087300021FA04F345EA030130BDC4F10C04C4F18D
:10874000200220FA02F001FA04F340EA030029466D
:1087500030BD21FA04F0294630BD94F0000F83F4B7
:10876000801306BF81F480110134013D4EE77FEA9A
:10877000645C18BF7FEA655C29D094EA050F08BFE6
:1087800090EA020F05D054EA000C04BF19461046C7
:1087900030BD91EA030F1EBF0021002030BD5FEA0B
:1087A000545C05D14000494128BF41F0004130BD33
:1087B00014F580043CBF01F5801130BD01F0004587
:1087C00045F0FE4141F470014FF0000030BD7FEAFA
:1087D000645C1ABF194610467FEA655C1CBF0B46F5
:1087E000024650EA013406BF52EA033591EA030F0C
:1087F00041F4002130BD00BF90F0000F04BF002104
:10880000704730B54FF4806404F132044FF0000536
:108810004FF0000150E700BF90F0000F04BF0021AF
:10882000704730B54FF4806404F1320410F0004515
:1088300048BF40424FF000013EE700BF42004FEA10
:10884000E2014FEA31014FEA02701FBF12F07F438D
:1088500093F07F4F81F06051704732F07F4208BF44
:10886000704793F07F4F04BF41F40021704730B54B
:108870004FF4607401F0004521F000411CE700BF97
:1088800050EA010208BF704730B54FF000050AE01A
:1088900050EA010208BF704730B511F0004502D51B
:1088A000404261EB41014FF4806404F132045FEA1D
:1088B000915C3FF4D8AE4FF003025FEADC0C18BFC6
:1088C00003325FEADC0C18BF033202EBDC02C2F1B8
:1088D000200300FA03FC20FA02F001FA03FE40EA4A
:1088E0000E0021FA02F11444BDE600BF70B54FF04E
:1088F000FF0C4CF4E06C1CEA11541DBF1CEA13552C
:1089000094EA0C0F95EA0C0F00F0DEF82C4481EA93
:10891000030621EA4C5123EA4C5350EA013518BFB3
:1089200052EA033541F4801143F4801338D0A0FBA0
:1089300002CE4FF00005E1FB02E506F00042E0FB4D
:1089400003E54FF00006E1FB03569CF0000F18BF53
:108950004EF0010EA4F1FF04B6F5007F64F54074FB
:1089600004D25FEA4E0E6D4146EB060642EAC6218E
:1089700041EA55514FEAC52040EA5E504FEACE2EFB
:10898000B4F1FD0C88BFBCF5E06F1ED8BEF1004FFE
:1089900008BF5FEA500E50F1000041EB045170BD7A
:1089A00006F0004646EA010140EA020081EA0301BE
:1089B000B4EB5C04C2BFD4EB0C0541EA045170BDBA
:1089C00041F480114FF0000E013C00F3AB8014F134
:1089D000360FDEBF002001F0004170BDC4F100047D
:1089E000203C35DA0C341BDC04F11404C4F12005FE
:1089F00000FA05F320FA04F001FA05F240EA020059
:108A000001F0004221F0004110EBD37021FA04F68E
:108A100042EB06015EEA430E08BF20EAD37070BD48
:108A2000C4F10C04C4F1200500FA04F320FA05F0A7
:108A300001FA04F240EA020001F0004110EBD370A9
:108A400041F100015EEA430E08BF20EAD37070BD19
:108A5000C4F1200500FA05F24EEA020E20FA04F3F2
:108A600001FA05F243EA020321FA04F001F00041A1
:108A700021FA04F220EA020000EBD3705EEA430E12
:108A800008BF20EAD37070BD94F0000F0FD101F041
:108A90000046400041EB010111F4801F08BF013C7A
:108AA000F7D041EA060195F0000F18BF704703F0B8
:108AB0000046520043EB030313F4801F08BF013D3F
:108AC000F7D043EA0603704794EA0C0F0CEA1355FB
:108AD00018BF95EA0C0F0CD050EA410618BF52EAB5
:108AE0004306D1D181EA030101F000414FF00000BB
:108AF00070BD50EA410606BF1046194652EA4306C9
:108B000019D094EA0C0F02D150EA013613D195EA3C
:108B10000C0F05D152EA03361CBF104619460AD184
:108B200081EA030101F0004141F0FE4141F470018E
:108B30004FF0000070BD41F0FE4141F4780170BD7E
:108B400070B54FF0FF0C4CF4E06C1CEA11541DBFE3
:108B50001CEA135594EA0C0F95EA0C0F00F0A7F8E5
:108B6000A4EB050481EA030E52EA03354FEA013112
:108B700000F088804FEA03334FF0805545EA131325
:108B800043EA12634FEA022245EA111545EA1065ED
:108B90004FEA00260EF000419D4208BF964244F184
:108BA000FD0404F5407402D25B084FEA3202B61AA3
:108BB00065EB03055B084FEA32024FF480104FF477
:108BC000002CB6EB020E75EB030E22BFB61A7546EB
:108BD00040EA0C005B084FEA3202B6EB020E75EB7E
:108BE000030E22BFB61A754640EA5C005B084FEAE6
:108BF0003202B6EB020E75EB030E22BFB61A7546B3
:108C000040EA9C005B084FEA3202B6EB020E75EBBD
:108C1000030E22BFB61A754640EADC0055EA060E7E
:108C200018D04FEA051545EA16754FEA06164FEAC1
:108C3000C30343EA52734FEAC2025FEA1C1CC0D16D
:108C400011F4801F0BD141EA00014FF000004FF0FA
:108C5000004CB6E711F4801F04BF01430020B4F1BB
:108C6000FD0C88BFBCF5E06F3FF6AFAEB5EB030C73
:108C700004BFB6EB020C5FEA500C50F1000041EB70
:108C8000045170BD0EF0004E4EEA113114EB5C043D
:108C9000C2BFD4EB0C0541EA045170BD41F4801110
:108CA0004FF0000E013C90E645EA060E8DE60CEA18
:108CB000135594EA0C0F08BF95EA0C0F3FF43BAF35
:108CC00094EA0C0F0AD150EA01347FF434AF95EAEC
:108CD0000C0F7FF425AF104619462CE795EA0C0FD0
:108CE00006D152EA03353FF4FDAE1046194622E79D
:108CF00050EA410618BF52EA43067FF4C5AE50EA77
:108D000041047FF40DAF52EA43057FF4EBAE12E766
:108D10004FEA4102B2F1E04324BFB3F5001CDCF19D
:108D2000FE5C0DD901F0004C4FEAC0024CEA5070D5
:108D3000B2F1004F40EB830008BF20F00100704704
:108D400011F0804F21D113F13872BCBF01F0004007
:108D5000704741F480114FEA5252C2F11802C2F139
:108D6000200C10FA0CF320FA02F018BF40F00100BA
:108D70004FEAC1234FEAD32303FA0CFC40EA0C006C
:108D800023FA02F34FEA4303CCE77FEA625307D1A9
:108D900050EA01331EBF4FF0FE4040F440007047E0
:108DA00001F0004040F0FE4040F40000704700BF7A
:108DB00080F0004002E000BF81F0004142001FBF90
:108DC0005FEA410392EA030F7FEA226C7FEA236C99
:108DD0006AD04FEA1262D2EB1363C1BFD21841408E
:108DE00048404140B8BF5B42192B88BF704710F024
:108DF000004F40F4000020F07F4018BF404211F0C7
:108E0000004F41F4000121F07F4118BF494292EA2E
:108E1000030F3FD0A2F1010241FA03FC10EB0C005A
:108E2000C3F1200301FA03F100F0004302D54942E7
:108E300060EB4000B0F5000F13D3B0F1807F06D394
:108E400040084FEA310102F10102FE2A51D2B1F18C
:108E5000004F40EBC25008BF20F0010040EA030081
:108E60007047490040EB0000013A28BFB0F5000F01
:108E7000EDD2B0FA80FCACF1080CB2EB0C0200FAB7
:108E80000CF0AABF00EBC25052421843BCBFD04006
:108E90001843704792F0000F81F4000106BF80F480
:108EA00000000132013BB5E74FEA41037FEA226C43
:108EB00018BF7FEA236C21D092EA030F04D092F00E
:108EC000000F08BF0846704790EA010F1CBF002042
:108ED000704712F07F4F04D1400028BF40F000409F
:108EE000704712F100723CBF00F50000704700F0BF
:108EF000004343F0FE4040F4000070477FEA2262E6
:108F000016BF08467FEA23630146420206BF5FEAB6
:108F1000412390EA010F40F4800070474FF00003B6
:108F200004E000BF10F0004348BF40425FEA000C7D
:108F300008BF704743F0964301464FF000001CE025
:108F400050EA010208BF70474FF000030AE000BF7B
:108F500050EA010208BF704711F0004302D54042B9
:108F600061EB41015FEA010C02BF8446014600202B
:108F700043F0B64308BFA3F18053A3F50003BCFA46
:108F80008CF2083AA3EBC25310DB01FA02FC6344F3
:108F900000FA02FCC2F12002BCF1004F20FA02F2FA
:108FA00043EB020008BF20F00100704702F12002ED
:108FB00001FA02FCC2F1200250EA4C0021FA02F24E
:108FC00043EB020008BF20EADC7070474FF0FF0C53
:108FD0001CEAD0521EBF1CEAD15392EA0C0F93EA4E
:108FE0000C0F6FD01A4480EA010C400218BF5FEAF0
:108FF00041211ED04FF0006343EA501043EA511163
:10900000A0FB01310CF00040B1F5000F3EBF49005C
:1090100041EAD3715B0040EA010062F17F02FD2A60
:109020001DD8B3F1004F40EBC25008BF20F0010043
:10903000704790F0000F0CF0004C08BF49024CEA5A
:10904000502040EA51207F3AC2BFD2F1FF0340EAEC
:10905000C250704740F400004FF00003013A5DDC5D
:1090600012F1190FDCBF00F000407047C2F100029E
:10907000410021FA02F1C2F1200200FA02FC5FEA8B
:10908000310040F1000053EA4C0308BF20EADC70D5
:10909000704792F0000F00F0004C02BF400010F447
:1090A000000F013AF9D040EA0C0093F0000F01F0F4
:1090B000004C02BF490011F4000F013BF9D041EA16
:1090C0000C018FE70CEAD15392EA0C0F18BF93EA18
:1090D0000C0F0AD030F0004C18BF31F0004CD8D142
:1090E00080EA010000F00040704790F0000F17BFC9
:1090F00090F0004F084691F0000F91F0004F14D00F
:1091000092EA0C0F01D142020FD193EA0C0F03D166
:109110004B0218BF084608D180EA010000F0004069
:1091200040F0FE4040F40000704740F0FE4040F444
:10913000400070474FF0FF0C1CEAD0521EBF1CEAE3
:10914000D15392EA0C0F93EA0C0F69D0A2EB030201
:1091500080EA010C49024FEA402037D04FF080539B
:1091600043EA111143EA10130CF000408B4238BF60
:109170005B0042F17D024FF4000C8B4224BF5B1A6E
:1091800040EA0C00B3EB510F24BFA3EB510340EABC
:109190005C00B3EB910F24BFA3EB910340EA9C006A
:1091A000B3EBD10F24BFA3EBD10340EADC001B01DA
:1091B00018BF5FEA1C1CE0D1FD2A3FF650AF8B427E
:1091C00040EBC25008BF20F0010070470CF0004C8B
:1091D0004CEA50207F32C2BFD2F1FF0340EAC250B6
:1091E000704740F400004FF00003013A37E792F077
:1091F000000F00F0004C02BF400010F4000F013AD5
:10920000F9D040EA0C0093F0000F01F0004C02BFCF
:10921000490011F4000F013BF9D041EA0C0195E738
:109220000CEAD15392EA0C0F08D142027FF47DAFD1
:1092300093EA0C0F7FF470AF084676E793EA0C0FC1
:1092400004D14B023FF44CAF08466EE730F0004CBF
:1092500018BF31F0004CCAD130F000427FF45CAF4F
:1092600031F000437FF43CAF5FE700BF4FF0FF3CBD
:1092700006E000BF4FF0010C02E000BF4FF0010C10
:109280004DF804CD4FEA40024FEA41037FEA226CD9
:1092900018BF7FEA236C11D001B052EA530C18BFFB
:1092A00090EA010F58BFB2EB030088BFC81738BF60
:1092B0006FEAE17018BF40F0010070477FEA226C4E
:1092C00002D15FEA402C05D17FEA236CE4D15FEA4A
:1092D000412CE1D05DF8040B704700BF844608467E
:1092E0006146FFE70FB5FFF7C9FF002848BF10F13F
:1092F000000F0FBD4DF808EDFFF7F4FF0CBF012084
:1093000000205DF808FB00BF4DF808EDFFF7EAFF0D
:1093100034BF012000205DF808FB00BF4DF808EDC8
:10932000FFF7E0FF94BF012000205DF808FB00BFBD
:109330004DF808EDFFF7D2FF94BF012000205DF843
:1093400008FB00BF4DF808EDFFF7C8FF34BF012050
:1093500000205DF808FB00BF4FEA4002B2F1FE4F6B
:109360000FD34FF09E03B3EB12620DD94FEA0023E7
:1093700043F0004310F0004F23FA02F018BF4042C0
:1093800070474FF00000704712F1610F01D14202A7
:1093900005D110F0004008BF6FF0004070474FF05B
:1093A0000000704742000ED2B2F1FE4F0BD34FF0D7
:1093B0009E03B3EB126209D44FEA002343F000434B
:1093C00023FA02F070474FF00000704712F1610F6E
:1093D00001D1420202D14FF0FF3070474FF0000040
:1093E000704700BF0028B8BF40427047000000002F
:1093F00000000000211400082114000800000000F3
:10940000000000005111000863110008000204066A
:10941000436F6D6D756E69636174696F6E000000F6
:109420006E6F646569640000496E7465726661639D
:109430006500000074656D705F62617474657279B7
:109440005F73657470000000C2B0430074656D7096
:109450005F626174746572795F6D696E000000000F
:1094600074656D705F626174746572795F6D617847
:109470000000000074656D705F706F7765727472C4
:1094800061696E5F6D696E0074656D705F706F7796
:109490006572747261696E5F6D61780074656D707C
:1094A0005F657661706F7261746F725F73657470FF
:1094B0000000000074656D705F636F6E64656E73AD
:1094C0006F725F7365747000636F6D707265737334
:1094D0006F725F706C696D005700000063616E65AC
:1094E0006D750000303D4175746F2C20313D416C2D
:1094F000776179734F6E2C20323D416C77617973BF
:109500004F6666007075726765000000303D4F66FB
:10951000662C20313D4F6E2C20323D6E61000000E4
:109520006F63746F76616C76655F706F7369746971
:109530006F6E0000303D556E6B6E6F776E2C203174
:109540003D5365726965732C20323D5365726965C0
:10955000732C20333D416D6269656E74536F757273
:1095600063652C20343D5261646961746F72427985
:10957000706173732C20353D506172616C6C656C49
:10958000000000006F63746F76616C76655F7365D1
:1095900074706F696E740000686561745F747261E5
:1095A0006E736665725F6D6F64650000303D50617B
:1095B00073736976652C20313D446F6D696E616E01
:1095C0007448656174696E672C20323D446F6D6923
:1095D0006E616E74436F6F6C696E67006265737461
:1095E0005F73696E6B000000303D416D6269656EAE
:1095F000742C20313D426174746572790000000062
:10960000626573745F736F7572636500303D416DA1
:109610006269656E742C20313D42617474657279A3
:109620002C20323D526563697263756C6174696F99
:109630006E000000746865726D616C5F64656D61D9
:109640006E647300303D4E6F6E652C20313D436F6C
:109650006F6C436162696E2C20323D436F6F6C42C8
:109660006174746572792C20343D436F6F6C506F58
:10967000776572747261696E2C20383D486561743B
:10968000436162696E4C2C2031363D4865617443FC
:109690006162696E522C2033323D486561744261CB
:1096A00074746572792C2036343D5261646961743A
:1096B0006F72446566726F7374000000657870762F
:1096C0005F726563697263756C6174696F6E0000C7
:1096D00064696700657870765F636F6E64656E734A
:1096E0006F725F636F6F6C616E7400006578707687
:1096F0005F636F6E64656E736F725F636162696EE4
:1097000072000000657870765F636F6E64656E73DB
:109710006F725F636162696E6C00000065787076DD
:109720005F657661706F7261746F725F636F6F6C8B
:10973000616E7400657870765F657661706F7261D6
:10974000746F725F636162696E00000076616C76AF
:10975000655F636F6F6C616E745F636F6E64656E7F
:10976000736F7200303D4F70656E2C20313D436C3D
:109770006F736564000000007072657373757265C5
:109780005F696E6C65745F636F6D70726573736F24
:1097900072000000626172007072657373757265A9
:1097A0005F6F75746C65745F636F6D7072657373F2
:1097B0006F72000070726573737572655F707265A9
:1097C0005F657661706F7261746F720074656D7041
:1097D0005F696E6C65745F636F6D70726573736FD4
:1097E0007200000074656D705F6F75746C65745FF6
:1097F000636F6D70726573736F72000074656D7066
:109800005F7072655F657661706F7261746F720010
:1098100074656D705F6F75746C65745F626174748C
:109820006572790074656D705F6F75746C65745FD7
:10983000706F776572747261696E000074656D7027
:109840005F616D6269656E7400000000726573652A
:1098500072766F69725F6C6576656C00303D456D40
:109860007074792C20313D4D696E696D756D2C20B9
:10987000323D4E6F6D696E616C2C20333D4D6178C9
:10988000000000007265736572766F69725F6361D4
:109890007000000075460000636F6F6C5F6361626B
:1098A000696E0000686561745F636162696E6C0077
:1098B000686561745F636162696E72007072656889
:1098C0006561745F7265710070756D705F6261745F
:1098D000746572795F666C6F7700000072706D005E
:1098E00070756D705F626174746572795F647574B0
:1098F000790000002500000070756D705F706F7753
:109900006572747261696E5F666C6F77000000004B
:1099100070756D705F706F776572747261696E5F7C
:1099200064757479000000007261646961746F721B
:1099300066616E5F70776D00636F6D7072657373D3
:109940006F725F656E61626C65000000636F6D70C1
:10995000726573736F725F737065656400000000F9
:10996000636F6D70726573736F725F647574795F26
:109970007265717565737400636F6D707265737372
:109980006F725F6475747900636F6D707265737365
:109990006F725F706F77657200000000656D755FB4
:1099A0006163746976650000303D4E6F6E652C20F2
:1099B000313D4C56506F77657253746174652C203D
:1099C000323D6F6B546F55736548696768506F77A8
:1099D00065722C20343D53656E736F72732C203882
:1099E0003D56656869636C655374617475732C20AA
:1099F00031363D4D75783130487A0000636F6D70B7
:109A0000726573736F725F73746174650000000038
:109A1000303D496E69742C20313D52756E6E696E11
:109A2000672C20323D5374616E6462792C20333D83
:109A30004661756C742C20343D49646C652C203172
:109A4000353D534E41000000636F6D707265737356
:109A50006F725F726561647900000000303D46619D
:109A60006C73652C20313D5472756500636F6D70A9
:109A7000726573736F725F4856000000636F6D709C
:109A8000726573736F725F616D707300636F6D7079
:109A9000726573736F725F6877696400636F6D706E
:109AA000726573736F725F636F6D706F6E656E74E6
:109AB00069640000636F6D70726573736F725F66C7
:109AC0006C61677300000000636F6D707265737383
:109AD0006F725F74656D703100000000636F6D70B0
:109AE000726573736F725F74656D70320000000091
:109AF0006F706D6F64650000303D4F66662C2031DD
:109B00003D52756E2C20323D507265686561742C33
:109B100020333D41697250757267650076657273D6
:109B2000696F6E00343D302E382E73757065726D1E
:109B3000616E00006C617374657272007561757896
:109B4000000000006370756C6F6164000A4F4B0D7C
:109B50000A000000426175642072617465206E6FB6
:109B6000772000004563686F206F6E0D0A000000CB
:109B70004563686F206F66660D0A0000656E61625E
:109B80006C657561727400006661737475617274DE
:109B9000000000006661737475617274206E6F74EA
:109BA00020617661696C61626C650D0A00000000DD
:109BB0006563686F00000000556E6B6E6F776E20F6
:109BC000636F6D6D616E642073657175656E63653D
:109BD0000D0A0000253038583A253038583A2530DB
:109BE00038580D0A0000000044656661756C747396
:109BF000206C6F616465640D0A0000007365740079
:109C000067657400666C61670000000073747265BC
:109C1000616D00006A736F6E0000000063616E008A
:109C200073617665000000006C6F616400000000E5
:109C3000726573657400000064656661756C7473A9
:109C40000000000068656C700000000073657269B8
:109C5000616C00006572726F72730000286E756C23
:109C60006C2900005B25755D3A202573202D202589
:109C7000730D0A004E6F204572726F72730D0A00E9
:109C800053544F50000000004445524154450000D9
:109C90005741524E00000000303D4E4F4E452C20A3
:109CA000313D434F4D50524553534F525F54494DF0
:109CB000454F55542C20323D434F4D505245535340
:109CC0004F525F4641554C542C20333D524546522D
:109CD00049474552414E545F48494748502C20342B
:109CE0003D5245465249474552414E545F4C4F57AD
:109CF000502C20353D50524553535552455F5345E6
:109D00004E534F525F4641554C542C20363D5445DE
:109D10004D505F53454E534F525F4641554C542C66
:109D200020373D434F4F4C414E545F4C4F572C20F2
:109D3000383D50554D505F424154544552595F464D
:109D400041554C542C20393D50554D505F504F5784
:109D50004552545241494E5F4641554C542C203196
:109D6000303D4F43544F56414C56455F4641554C4C
:109D7000542C0000434F4D50524553534F525F54A3
:109D8000494D454F55540000434F4D505245535394
:109D90004F525F4641554C54000000005245465218
:109DA00049474552414E545F4849474850000000DA
:109DB0005245465249474552414E545F4C4F5750C9
:109DC0000000000050524553535552455F53454ED5
:109DD000534F525F4641554C5400000054454D507E
:109DE0005F53454E534F525F4641554C540000005F
:109DF000434F4F4C414E545F4C4F570050554D50C0
:109E00005F424154544552595F4641554C540000FD
:109E100050554D505F504F574552545241494E5F37
:109E20004641554C540000004F43544F56414C5648
:109E3000455F4641554C540063616E2000000000B0
:109E40007278200074782000257320256420256412
:109E50002025642025662025640D0A004E6F2070A1
:109E60006172616D657465722076616C75652067DD
:109E70006976656E0D0A0000536574204F4B0D0A1C
:109E80000000000056616C7565206F7574206F6668
:109E90002072616E67650D0A00000000556E6B6EE2
:109EA0006F776E20706172616D65746572202573C5
:109EB0000D0A000025660D0A00000000556E6B6E4D
:109EC0006F776E20706172616D657465723A2027DC
:109ED0002573270D0A0000004E6F20666C61672015
:109EE000676976656E0D0A0068696464656E0000D6
:109EF000556E6B6E6F776E20666C61670D0A0000A1
:109F0000466C6167206368616E6765204F4B0D0A80
:109F100000000000747275650000000066616C73DB
:109F2000650000007B00000025630D0A2020202230
:109F30002573223A207B22756E6974223A2225739A
:109F4000222C226964223A25642C2276616C756584
:109F5000223A25662C0000002263616E6964223A71
:109F600025642C2263616E6F6666736574223A25E0
:109F7000642C2263616E6C656E677468223A256496
:109F80002C2263616E6761696E223A25662C22631A
:109F9000616E616464223A25642C226973727822AE
:109FA0003A25732C00000000226973706172616DA4
:109FB000223A66616C73657D00000000226973704F
:109FC0006172616D223A747275652C226D696E69D9
:109FD0006D756D223A25662C226D6178696D756DFF
:109FE000223A25662C2264656661756C74223A25D6
:109FF000662C2263617465676F7279223A22257339
:10A00000222C2269223A25647D0000002C0D0A20B2
:10A0100020202273657269616C223A207B22756E62
:10A020006974223A22222C2276616C7565223A22CA
:10A0300025303858222C226973706172616D223A82
:10A0400066616C73657D00000D0A7D0D0A000000DD
:10A0500073000000416C6C206D657373616765204F
:10A06000646566696E6974696F6E7320636C65619F
:10A070007265640D0A0000004D697373696E672094
:10A08000617267756D656E740D0A0000556E6B6EBA
:10A090006F776E20706172616D657465720D0A0074
:10A0A000256420656E74726965732072656D6F76C4
:10A0B00065640D0A00000000496E76616C696420D9
:10A0C00043414E2049642025780D0A00496E76618F
:10A0D0006C6964204F66667365742025640D0A0000
:10A0E000496E76616C6964206C656E6774682025C2
:10A0F000640D0A0043616E6E6F74206D61702061A3
:10A100006E796D6F7265206974656D7320746F2050
:10A1100043414E2069642025640D0A004D6178207A
:10A120006D65737361676520636F756E742072650A
:10A1300061636865640D0A0043414E206D617020C3
:10A140007375636365737366756C2C202564206D6D
:10A150006573736167652573206163746976650D46
:10A160000A00000043414E4D41502073746F7265E8
:10A17000640D0A00506172616D65746572732073BD
:10A18000746F7265642C204352433D25780D0A009C
:10A1900057696C6C206E6F742077726974652074D7
:10A1A0006F20666C61736820696E2072756E206D19
:10A1B0006F6465732C20706C656173652073746FB8
:10A1C00070206265666F726520736176696E6721C3
:10A1D0000D0A0000506172616D6574657273206CC8
:10A1E0006F616465640D0A00506172616D6574652C
:10A1F0007220435243206572726F720D0A00000094
:10A2000055736167653A2073747265616D206E20C5
:10A2100076616C312C76616C322E2E2E0D0A000088
:10A22000257325660000000000000000000000000B
:10A230002114000800000000000000002123000895
:10A240000038014000000240040500000008014001
:10A2500000020000000C01404000000000440040EB
:10A260000000024007060000000801400400000052
:10A27000001401402000000000480040000002409F
:10A2800002030000000C0140000400000010014027
:10A2900000040000004C00400004024005030000E0
:10A2A0000010014000040000001001400004000004
:10A2B000FC9B000891490008009C0008014A000826
:10A2C000049C0008594A00080C9C00084D4F0008E7
:10A2D000149C0008D92600081C9C0008554C000856
:10A2E000209C0008814E0008289C0008CD4E0008E4
:10A2F000309C0008FD4E0008389C0008C12600086C
:10A30000449C00088D2600084C9C000899260008F3
:10A31000549C00088F260008000000000000000088
:10A320000000000000000000E12A000800240140B5
:10A3300000280140809C0008889C0008909C000830
:10A34000109F000803000000749D00080200000038
:10A35000889D0008000000009C9D0008020000008D
:10A36000B09D000802000000C49D0008020000002B
:10A37000DC9D000802000000F09D000802000000C3
:10A38000FC9D000800000000109E00080000000076
:10A39000289E0008020000000000000000000000ED
:10A3A000113100085D3100089D33000800000800ED
:10A3B00000005000120000000000080000005000E3
:10A3C0000900000000000300000020000900000058
:10A3D000000004000000200005000000000005004F
:10A3E00000004000030000000000FF070000FF071E
:10A3F00000000000000000002114000821140008E3
:10A40000211400080000000000000000A136000830
:10A41000A33600080000000000000000753C0008A2
:10A420009B370008000000000000000061470008A2
:10A430008D42000849420008FCFFFFFF00000000B9
:10A44000854200080000000000000000F00000004D
:10A45000C20100009E020000B60300002102D102EA
:10A460002103A10345050000CB25A765025F00007D
:10A47000D8FF8700051B0100C4A60008CEFF960088
:10A480000A15000098A60008CEFFAA000A170000CF
:10A4900068A60008F6FF960002510000C4A5000857
:10A4A000E2FF6E000247000034A50008CEFF9600D0
:10A4B0000A15000008A50008D8FF78000521000053
:10A4C000C4A40008880F5E0F270FDE0E7E0E110E4B
:10A4D0008A0DF10C3D0C7B0BA40ACC09E908FF079F
:10A4E0002A0758069005E0043D04B0033003C40277
:10A4F00063021202CB018C0159012C010401E4001A
:10A50000C800AF0099000000B809000A450A880A8F
:10A51000C80A050B400B790BAF0BE40B170C480C6A
:10A52000780CA60CD20CFD0C270D4F0D760D9C0D52
:10A53000C10D0000A50F950F820F6D0F550F390F3C
:10A540001A0FF70ECF0EA30E720E3B0EFF0DBE0DAF
:10A55000760D290DD60C7E0C200CBD0B560BEA0A8D
:10A560007B0A0A0A97092209AE083908C607550767
:10A57000E6067A061206AE054E05F3049C044A046C
:10A58000FC03B3036F032F03F302BC0288025802DB
:10A590002C020302DD01B90199017B015F01450134
:10A5A0002E0118010401F100E000D000C200B40047
:10A5B000A8009D00920088007F0077006F0068006F
:10A5C000610000008A0F7B0F6B0F590F450F2F0F93
:10A5D000180FFE0EE20EC30EA20E7E0E580E2F0EA8
:10A5E000040ED50DA40D700D390DFF0CC20C830C9B
:10A5F000410CFD0BB70B6F0B250BD90A8C0A3E0AD9
:10A60000EF099F094F09FF08AF0860081108C30749
:10A6100076072B07E106980652060D06CA0589053E
:10A620004A050D05D3049A0464043004FE03CE03E6
:10A63000A00374034B032303FC02D802B602950265
:10A64000750258023B0220020702EE01D701C10148
:10A65000AC01990186017401630153014401350184
:10A6600027011A010E010000F307B0076D072B0741
:10A67000E906A9066B062E06F205B90581054C050B
:10A680001805E704B8048A045F0435040D04E703E1
:10A69000C2039F037E0300000E08CA078507410717
:10A6A000FF06BD067D063E060006C6058C0555055F
:10A6B0002005ED04BC048D04600436041004EF038F
:10A6C000D403000039004C0064008400AB00DC00BF
:10A6D00018016101B801200299022503C303750422
:10A6E0003A050F06F306E307DC08DB09DB0AD80BA3
:10A6F000CF0CBF0DA40E7C0F47100000983A00004D
:10A7000088130000983A000088130000641E641E3D
:10A71000020000000300000004000000050000002B
:10A72000040000000300000002000000010000001F
:10A730000000A0C1040100040002020000000000AB
:10A740000000000000A24A040051250200A24A04B1
:10A7500007010004000202010000000000000000E8
:10A7600000A24A040051250200A24A040701000485
:10A7700000020204010406000000000000A24A04D6
:10A780000051250200A24A0401010000000000005F
:10A79000000000000000000000366E0100366E016F
:10A7A00000366E01070100040003020000000000F3
:10A7B0000000000000A24A040051250200A24A0441
:10A7C000BD200008F9280008E92E0008C162000831
:10A7D000400600008002000000000000400600006B
:10A7E0000000000040060000A0000000C0080000BB
:10A7F00000EE020000000000000000000000000069
:10A800000000000000000000000000000000000048
:10A810000000000000000000000000000000000038
:10A820000000000000000000000000000000000028
:10A830000000000000000000000000000000000018
:10A840000000000000000000000000000000000008
:10A8500000000000000000000000000000000000F8
:10A8600000000000000000000000000000000000E8
:10A8700000000000000000000000000000000000D8
:10A8800000000000000000000000000000000000C8
:10A8900000000000000000000000000000000000B8
:10A8A00000000000000000000000000000000000A8
:10A8B0000000000000000000000000000000000098
:10A8C0000000000000000000000000000000000088
:10A8D0001094000820940008109F00082000000039
:10A8E000E007000040060000010000002894000876
:10A8F000349400084894000840FCFFFF800C0000DE
:10A900008002000003000000289400084C94000816
:10A910004894000840FCFFFF800C0000000000008D
:10A92000040000002894000860940008489400087F
:10A9300040FCFFFF800C0000400600000500000006
:10A9400028940008749400084894000840FCFFFF15
:10A95000800C0000000000000600000028940008A1
:10A96000889400084894000840FCFFFF800C000019
:10A970004006000007000000289400089C9400088E
:10A980004894000840FCFFFF800C0000A00000007D
:10A990000800000028940008B494000848940008B7
:10A9A00040FCFFFF800C0000C00800000900000010
:10A9B00028940008C8940008D894000800000000FB
:10A9C00000EE020000EE02000A00000010940008F1
:10A9D000DC940008E494000800000000400000003F
:10A9E000000000000B0000002894000804950008F7
:10A9F0000C9500080000000020000000000000008E
:10AA000010000000000000002095000834950008A8
:10AA1000000000000000000000000000D507020058
:10AA20000000000084950008349500080000000034
:10AA30000000000000000000FC0702000000000011
:10AA400098950008AC950008000000000000000088
:10AA500000000000FE07020000000000DC95000876
:10AA6000E895000800000000000000000000000061
:10AA7000FF07020000000000009600080C96000886
:10AA800000000000000000000000000000080200BC
:10AA90000000000034960008449600080000000002
:10AAA0000000000000000000FD07020000000000A0
:10AAB000BC960008D09600080000000000000000CE
:10AAC00000000000D707020000000000D496000834
:10AAD000D096000800000000000000000000000008
:10AAE000D807020000000000EC960008D09600088D
:10AAF000000000000000000000000000D907020074
:10AB00000000000004970008D09600080000000034
:10AB10000000000000000000DA0702000000000052
:10AB20001C970008D09600080000000000000000FC
:10AB300000000000DB07020000000000349700085E
:10AB4000D096000800000000000000000000000097
:10AB5000DC070200000000004C9700086497000822
:10AB6000000000000000000000000000DD070200FF
:10AB7000000000007897000894970008000000008B
:10AB80000000000000000000DE07020000000000DE
:10AB9000989700089497000800000000000000004B
:10ABA00000000000DF07020000000000B49700086A
:10ABB0009497000800000000000000000000000062
:10ABC000E007020000000000CC970008489400084D
:10ABD000000000000000000000000000E10702008B
:10ABE00000000000E49700084894000800000000FE
:10ABF0000000000000000000E2070200000000006A
:10AC0000FC970008489400080000000000000000C5
:10AC100000000000E3070200000000001098000898
:10AC20004894000800000000000000000000000040
:10AC3000E40702000000000024980008489400087F
:10AC4000000000000000000000000000E507020016
:10AC5000000000003C980008489400080000000034
:10AC60000000000000000000E607020000000000F5
:10AC70004C9800085C9800080000000000000000EC
:10AC800000000000EA0702000000000084980008AD
:10AC90009498000800000000000000000000000080
:10ACA0000108020000000000989800080C950008B8
:10ACB000000000000000000000000000ED0702009E
:10ACC00000000000A49800080C9500080000000097
:10ACD0000000000000000000EE070200000000007D
:10ACE000B09800080C95000800000000000000006B
:10ACF00000000000EF07020000000000BC98000800
:10AD00000C9500080000000000000000000000009A
:10AD1000F007020000000000C8980008DC98000856
:10AD2000000000000000000000000000F107020029
:10AD300000000000E0980008F498000800000000FF
:10AD40000000000000000000F20702000000000008
:10AD5000F8980008DC9800080000000000000000DF
:10AD600000000000F3070200000000001099000836
:10AD7000F49800080000000000000000000000003F
:10AD8000F40702000000000028990008F498000869
:10AD9000000000000000000000000000FB070200AF
:10ADA00000000000389900080C9500080000000021
:10ADB0000000000000000000F50702000000000095
:10ADC0004C990008DC98000800000000000000001A
:10ADD00000000000F6070200000000006099000873
:10ADE000F4980008000000000000000000000000CF
:10ADF000F70702000000000078990008F4980008A6
:10AE0000000000000000000000000000F807020041
:10AE10000000000088990008D89400080000000095
:10AE20000000000000000000FA070200000000001F
:10AE30009C990008A899000800000000000000008C
:10AE4000000000000208020000000000FC99000859
:10AE5000109A000800000000000000000000000040
:10AE60000308020000000000489A00085C9A0008ED
:10AE700000000000000000000000000004080200C4
:10AE8000000000006C9A0008789A0008000000009A
:10AE900000000000000000000A080200000000009E
:10AEA0007C9A0008449A000800000000000000009E
:10AEB0000000000011080200000000008C9A000849
:10AEC000109F0008000000000000000000000000CB
:10AED0000B080200000000009C9A0008109F000868
:10AEE0000000000000000000000000000C0802004C
:10AEF00000000000B49A0008109F00080000000045
:10AF000000000000000000000D080200000000002A
:10AF1000C89A0008489400080000000000000000E3
:10AF2000000000000E08020000000000DC9A00088B
:10AF3000489400080000000000000000000000002D
:10AF40000F08020000000000F09A0008F89A0008BC
:10AF5000000000000000000000000000D007020018
:10AF6000000000001C9B0008249B0008000000005B
:10AF70000000000000000000D107020000000000F7
:10AF8000349B0008000000000000000000000000EA
:10AF900000000000D2070200000000003C9B0008F7
:10AFA000789A000800000000000000000000000087
:10AFB000D307020000000000449B0008F49800083A
:10AFC000000000000000000000000000D4070200A4
:10AFD0000B00000000000000000000000000000066
:10AFE0000000000000000000000000000000000061
:10AFF0000000000000000000000000000000000051
:10B000000000000000000000000000000000000040
:10B010000000000000000000000000000000000030
:10B020000000000000000000000000000000000020
:10B030000000000000000000000000000000000010
:10B040000000000000000000000000000000000000
:10B05000989C00080CA40008010101000000404079
:10B06000000040400000404077BE2D415C0F15427B
:10B07000FFFFFFFFFFFFFFFF00007F4300127A008A
:08B0800000127A0000127A00B0
:040000050800845516
:00000001FF
